n1,n2,n3,n4,n5,n6,n7,n8,n9,n10
0.37, 2.7, 1.89, 4.82, 6.28, 4.73, 7.11, 9.8, 7.51, 11.09
0.0, 0.47, 0.24, -0.24, 0.08, -1.89, 0.74, 0.26, -0.27, 2.14
0.17, 1.85, 3.15, 4.86, 6.29, 8.03, 9.6, 10.89, 12.44, 14.01
-0.16, 2.47, 2.35, 4.87, 4.52, 6.6, 8.86, 14.25, 18.18, 26.82
0.44, 3.15, -0.14, 3.73, 6.39, 4.78, 6.93, 10.36, 9.67, 12.7
-0.97, -1.92, -3.4, -3.64, -2.33, -2.71, -2.51, -2.58, -0.72, 1.32
2.04, 2.21, 2.46, 3.3, 3.9, 4.6, 5.93, 6.83, 8.53, 10.28
0.67, 0.81, 1.02, 1.71, 3.48, 5.37, 4.94, 5.13, 5.12, 5.78
0.86, 0.9, 1.1, 1.4, 1.58, 1.92, 2.14, 2.61, 3.12, 3.73
-0.79, -0.05, -6.27, -41.42, -145.02, -372.09, -797.0, -1504.71, -2610.9, -4231.5
0.0, -1.02, 1.0, -1.87, -0.65, 0.14, 0.31, 0.32, 2.15, 2.2
1.05, 0.08, 1.73, 2.59, 2.85, 2.45, 3.19, 3.6, 5.2, 4.29
-2.9, -4.16, -0.55, -0.27, -2.46, -4.12, -4.45, -0.18, 0.39, 1.66
-0.98, -0.96, -0.39, 0.11, 0.8, 1.4, 2.67, 3.97, 5.34, 6.71
0.04, 0.73, 0.61, -0.62, -1.44, 0.26, 1.62, 2.12, 2.75, 1.25
-0.39, 0.73, 1.71, 2.79, 4.11, 5.42, 5.59, 5.73, 7.03, 7.59
2.99, 4.24, 5.42, 6.71, 7.93, 9.21, 10.35, 11.63, 12.89, 14.19
0.26, -1.94, -2.09, -1.9, -1.45, -0.9, 1.74, 2.92, 4.66, 4.03
-2.01, 3.4, -2.87, -4.0, 3.74, -1.13, -5.34, 1.89, 1.33, -5.5
0.0, -0.71, 0.38, -0.18, 2.5, -0.48, 0.03, -0.09, -0.01, 1.03
0.0, 0.95, 0.52, -0.12, -1.87, -0.89, 0.86, 0.64, 1.08, 0.2
0.28, -0.67, -1.89, -3.42, -4.04, -5.91, -7.15, -6.54, -8.35, -8.98
-1.95, -1.66, -1.35, -0.65, -0.52, 0.84, 0.88, 1.13, 3.15, 2.63
1.57, 0.5, -1.07, -0.16, -0.45, 1.03, -2.28, 0.2, -2.33, 1.2
1.01, 1.4, 1.53, 2.54, 3.23, 4.18, 5.41, 5.94, 7.67, 7.69
-1.09, -0.66, 1.51, 3.4, 3.04, 2.38, 2.79, 5.01, 4.41, 4.22
-0.66, -1.02, -1.52, -1.83, -2.33, -2.62, -2.94, -3.56, -3.97, -4.46
0.0, 0.78, -2.41, -0.4, -0.33, 0.42, 2.8, -0.89, -0.36, 0.34
0.0, -1.0, -0.45, -0.64, -0.09, 0.38, 0.85, -0.83, -0.11, 0.38
0.06, -0.49, -2.5, -3.92, -6.43, -8.16, -9.7, -9.73, -13.52, -14.18
-0.84, 0.01, 1.35, 2.83, 4.41, 4.89, 6.89, 8.03, 9.54, 10.53
-2.7, -2.87, -2.56, -2.35, -1.47, -2.38, -2.39, -1.42, -2.31, -2.04
0.48, 0.51, -0.33, 0.43, 0.37, -1.39, 0.53, -1.04, -1.06, -1.36
1.62, 0.77, 2.12, 3.83, 2.73, 5.29, 4.21, 2.06, 1.24, 0.21
1.79, -1.98, 2.71, -0.76, -0.59, 3.07, -1.99, 2.33, 0.88, -1.89
3.68, 1.06, 1.6, 0.86, 1.41, 3.45, 1.6, 1.32, 2.65, 3.71
-2.51, -4.34, -6.24, -8.08, -9.92, -11.79, -13.64, -15.5, -17.36, -19.2
0.05, -0.02, 0.75, -0.09, 0.74, -0.46, 0.6, -0.38, 0.65, -0.2
0.08, 3.2, 2.08, -0.68, -1.86, 1.33, 4.62, 4.01, 0.25, -0.29
0.0, 0.25, 1.07, 2.13, 0.99, -0.12, -1.56, -1.47, -1.35, -1.66
-0.29, -1.01, -1.13, -1.45, -1.69, -1.7, -1.82, -0.23, -0.59, 0.02
2.74, 0.74, 0.06, 3.01, 2.08, 1.36, 2.66, 2.07, 4.22, 3.43
2.07, 4.31, 5.91, 7.42, 9.76, 12.53, 12.88, 15.62, 17.11, 19.22
-0.65, -1.27, -5.72, -6.29, -4.74, -9.68, -10.68, -11.04, -17.48, -16.47
0.08, 1.05, 0.1, -1.62, 0.63, 1.61, -0.22, -1.45, -0.16, 1.86
1.1, 1.77, 2.21, 3.3, 4.62, 6.46, 9.42, 13.48, 19.05, 27.45
0.23, 3.83, 1.36, -0.84, -5.41, -4.96, -2.92, 1.44, 3.84, 3.23
0.03, 0.61, 0.46, 1.11, 1.34, 1.47, 0.64, 2.35, 2.82, 2.61
0.0, 0.76, 0.85, 0.71, -0.4, -0.1, -0.54, -0.41, -1.2, -1.21
0.0, 0.22, -0.79, -0.14, 0.43, 0.21, 0.7, -0.81, -0.52, -0.15
-0.32, -0.62, -1.53, -3.53, -5.82, -8.73, -12.68, -17.06, -22.24, -28.15
0.59, 1.25, 2.31, 2.27, 3.69, 4.62, 5.57, 6.31, 6.76, 7.9
0.94, 2.39, 3.06, 3.73, 2.3, 2.08, 1.86, 1.87, 3.0, 4.89
0.0, -0.08, 0.48, 1.59, 0.13, -1.22, -0.21, -0.13, -1.77, -0.93
0.03, 1.01, 2.05, 3.03, 4.06, 5.08, 6.11, 7.07, 8.1, 9.1
1.33, 1.7, 2.55, 2.14, 1.56, 3.07, 2.38, 2.03, 2.94, 2.0
0.0, 0.92, 0.12, 1.02, -0.63, 0.08, 0.97, 0.27, 0.75, -0.06
0.05, 1.12, -0.43, 1.4, 1.17, 1.79, 2.32, 3.59, 2.61, 4.49
-3.14, -2.96, -1.87, 0.53, 1.02, 1.46, 2.48, 5.65, 4.09, 6.65
-0.04, 0.35, -3.61, -2.88, -2.13, -6.08, -5.31, -4.8, -8.78, -8.24
-2.17, 3.44, 6.05, 1.98, -2.88, -1.74, 4.04, 6.08, 1.5, -3.17
-0.94, 1.1, 1.64, 2.22, 3.35, 3.37, 3.04, 2.89, 3.12, 4.02
-3.15, -3.53, -3.51, -2.6, -0.29, 1.57, 2.53, 2.31, 1.1, -0.87
-0.76, -0.44, 0.22, 0.46, 0.33, 0.25, 1.68, 1.42, 1.32, 1.9
-2.52, 2.43, -3.7, 2.64, -3.68, 1.84, -1.44, -1.12, 1.42, -2.88
0.32, 0.15, 0.35, 0.44, 1.85, 2.8, 3.65, 5.24, 5.68, 6.51
-0.52, -1.62, -1.27, 0.13, -1.2, -3.23, -1.26, -0.74, -1.56, -0.51
-0.42, 0.76, 0.33, 1.25, 1.69, 3.61, 5.59, 7.34, 7.36, 6.95
0.4, 0.27, 1.02, 2.22, 4.06, 5.3, 5.98, 6.53, 6.32, 4.56
0.0, -0.08, 0.23, -1.42, 0.31, -0.71, -0.87, -1.62, -1.34, -1.33
0.0, 1.9, -0.46, 0.85, -1.0, -1.96, 0.01, 0.89, -0.19, 1.14
0.3, 0.78, -3.86, -6.91, -5.57, -4.29, -7.98, -11.86, -10.65, -8.13
0.0, 1.4, -0.79, 1.68, -0.85, 3.44, -2.53, 1.53, -1.63, 1.22
0.0, -1.46, -0.17, 0.68, -1.0, 0.34, 1.47, -1.98, 1.95, -0.83
0.1, 2.42, 3.37, 2.44, 0.71, -0.62, -2.06, -2.75, -1.26, 0.34
0.53, -2.34, 3.8, -3.74, 4.32, -3.14, 2.36, -0.67, -0.88, 2.96
-1.89, -1.66, -1.05, -0.72, 0.21, 0.07, 0.89, 1.39, 1.88, 2.36
1.22, 1.38, 1.81, 1.63, 1.97, 2.16, 2.41, 2.59, 3.11, 2.93
1.33, 1.07, 2.17, 1.03, 1.41, 2.01, 1.85, 2.86, 2.16, 3.52
0.0, 0.34, 1.36, -0.09, -0.97, -1.12, -0.35, 0.6, 0.47, 1.38
-0.18, 0.21, -1.23, -1.27, -0.68, -1.77, -1.93, -1.79, -1.89, -3.04
4.15, 5.78, -0.21, -2.54, 3.14, 6.63, 1.9, -2.6, -0.49, 5.13
-0.23, 1.08, -1.52, -3.6, -7.12, -6.61, -5.14, -5.5, -7.63, -8.11
0.0, 1.52, -0.44, -0.77, -0.05, 1.2, 0.99, -0.95, -0.92, -0.47
0.36, 0.55, 2.65, 6.15, 11.95, 17.73, 26.85, 36.28, 48.29, 60.62
0.0, 1.25, 0.54, 0.58, -0.31, -0.68, 0.31, 0.43, -0.36, -0.29
0.05, -0.9, -4.47, -5.42, -6.54, -9.97, -10.8, -11.91, -15.42, -16.38
0.14, 3.25, 5.4, 5.26, 5.22, 5.83, 7.94, 11.17, 14.66, 16.46
0.0, -0.85, -1.58, -1.72, -0.69, -0.97, -0.09, 0.02, 0.19, 0.17
-0.43, -0.11, -0.48, -3.87, -5.33, -7.36, -7.83, -8.18, -6.93, -8.92
-4.9, -4.11, -3.51, -2.76, -2.05, -1.37, -0.66, -0.0, 0.63, 1.35
-0.0, 2.47, 3.88, 3.54, 2.06, 0.54, 0.11, 1.7, 4.21, 6.61
4.23, 6.24, 7.91, 9.55, 11.17, 12.83, 14.65, 16.34, 17.93, 19.66
-0.19, 4.48, -1.22, -4.64, 2.02, 3.62, -3.17, -4.15, 2.14, 2.84
2.85, -0.66, 3.09, -1.34, 2.32, 0.1, 2.34, 0.92, 1.13, 1.56
1.79, -1.79, -3.62, -0.12, 1.5, -0.6, -4.79, -0.64, 2.52, -1.23
-4.64, -1.81, -0.32, 1.64, 3.28, 5.14, 7.66, 9.96, 11.35, 14.86
-4.73, -4.93, -3.58, -5.66, -5.38, -4.62, -9.49, -6.9, -7.85, -7.75
1.03, 1.3, 1.99, 2.2, 2.58, 3.33, 4.06, 4.24, 4.71, 5.18
-0.32, -0.01, -0.55, -0.95, -1.59, -2.26, -2.66, -2.01, -1.2, -0.36
-4.15, -4.08, -6.41, -3.97, -5.31, -6.72, -8.72, -9.11, -9.99, -8.04
-1.31, -4.16, -6.78, -6.7, -10.21, -10.43, -12.0, -13.65, -16.56, -18.41
1.54, 2.07, 1.1, 2.05, 0.5, 2.64, 0.01, 2.34, 1.3, 2.47
0.24, 1.51, 1.7, -0.35, -3.5, -5.54, -5.34, -3.79, -2.04, -2.25
1.75, 2.97, 3.18, 1.47, 2.17, -0.11, -2.62, -2.32, -1.27, -1.13
0.08, -0.26, 0.53, -0.63, -1.0, 1.44, 0.59, 1.17, 2.46, 3.76
0.0, -0.07, -0.43, -0.56, -0.53, 0.56, 0.07, 0.7, -0.58, 1.04
0.0, -0.19, -0.73, 0.62, 0.84, 0.29, -0.96, -1.2, -0.63, -1.51
2.09, 2.48, 2.85, 3.15, 3.44, 3.75, 3.97, 4.38, 4.69, 5.04
-1.29, -2.04, -4.74, -7.8, -13.59, -21.63, -31.97, -44.82, -59.44, -73.65
1.54, 2.04, 3.11, 4.0, 5.91, 8.13, 11.9, 17.02, 24.24, 34.57
-1.12, -0.85, 3.62, 17.74, 44.55, 88.27, 155.15, 245.37, 367.09, 521.01
0.0, -0.1, -0.39, 0.66, 0.88, -1.21, -0.14, 1.75, -1.14, 0.29
0.55, -3.22, -5.57, -11.3, -18.89, -27.49, -37.75, -53.68, -67.89, -83.7
0.04, 5.3, 1.01, -2.54, 2.68, 3.95, -1.38, -0.44, 4.93, 1.65
-0.65, -0.92, 1.26, 0.42, -0.35, 2.53, 1.57, 2.14, 1.58, 2.56
0.0, -1.37, -2.28, 2.11, 2.59, 1.81, 0.49, 0.93, 1.49, 1.1
-1.18, 2.0, 3.37, 4.02, 2.78, 5.04, 6.26, 10.08, 10.32, 10.49
0.0, -0.19, 0.42, 0.53, -0.98, 0.64, -0.93, -0.41, -0.5, -0.19
0.64, 0.25, -0.2, -0.65, -1.09, -1.56, -2.02, -2.44, -2.87, -3.36
0.38, 3.93, 3.84, 6.04, 6.17, 10.64, 12.35, 12.01, 14.0, 14.33
0.83, -1.68, -3.26, -6.75, -8.98, -12.6, -14.42, -12.77, -15.67, -16.47
0.22, 0.68, 1.55, 2.12, 3.61, 5.17, 5.82, 7.3, 6.73, 7.4
0.6, 2.3, 5.34, 3.69, 2.42, 1.84, 3.18, 2.6, 6.22, 9.62
-0.5, -3.17, -2.47, -3.15, -4.32, -5.61, -4.98, -5.86, -4.82, -4.39
-3.58, -4.38, -5.37, -8.33, -9.78, -10.76, -12.6, -15.0, -15.73, -17.23
1.72, -0.32, 1.73, 1.5, 0.08, 2.49, 0.46, 0.2, 2.16, 0.12
0.0, 0.55, -0.05, -0.12, -0.25, -0.73, 0.52, 1.22, 0.7, 0.59
0.18, 0.54, 1.6, 2.73, 3.78, 4.87, 5.28, 5.39, 5.31, 5.58
1.78, 1.36, 1.37, 1.53, 2.4, 1.5, 1.18, 0.27, 3.36, 2.73
3.07, 1.24, -4.76, -21.25, -52.15, -106.18, -186.75, -297.82, -444.64, -635.78
1.31, -1.2, -3.57, -3.83, -5.2, -7.92, -5.34, -9.16, -9.94, -9.92
0.0, -0.75, -0.92, 0.33, 0.19, 0.01, 1.24, -1.05, 0.68, -3.01
0.0, 0.09, 1.15, -0.27, -1.88, -0.15, -0.55, -0.62, 0.63, 1.0
1.73, 3.81, 5.87, 7.17, 9.65, 12.15, 13.48, 15.47, 17.5, 20.32
0.09, 0.59, -0.07, 1.33, 3.41, 4.69, 4.64, 9.57, 13.71, 19.35
0.42, 1.39, 1.21, 0.12, -0.09, 0.56, -0.81, 0.26, -0.87, -0.48
1.45, 1.58, 1.92, 2.16, 2.53, 2.77, 3.44, 3.95, 4.48, 5.28
-0.23, 0.84, 2.23, 1.71, 2.0, 3.0, 3.88, 3.14, 4.42, 4.34
0.92, 2.55, 3.15, 3.39, 5.04, 5.31, 7.79, 8.96, 11.19, 10.25
0.25, -0.27, -4.49, -4.14, -4.27, -8.66, -7.2, -8.71, -12.79, -12.48
-4.44, -5.02, -5.94, -5.2, -4.03, -2.16, -0.68, 1.49, 2.78, 3.76
1.27, 2.86, 0.1, 0.92, 2.75, 0.39, 0.46, 2.8, 0.73, 0.04
0.65, 1.42, -0.23, 2.78, 3.17, 3.48, 5.11, 7.02, 8.49, 13.18
4.49, 0.78, 1.43, -1.34, -0.57, -1.83, -0.63, -1.33, -2.44, -2.54
1.65, 3.01, 3.34, 5.82, 7.63, 10.44, 15.04, 24.73, 32.59, 46.51
2.12, 0.79, 2.63, 3.0, 2.17, 3.59, 3.8, 4.31, 4.09, 4.57
1.97, 2.34, 2.64, 3.1, 3.64, 3.93, 4.51, 4.85, 5.38, 5.76
0.03, 0.45, 9.68, 58.51, 199.03, 509.66, 1091.85, 2070.41, 3593.54, 5834.92
-3.54, -0.48, 2.73, 4.16, 2.78, -0.49, -3.46, -4.22, -2.17, 1.27
-1.98, -0.37, 0.05, 1.37, 2.26, 1.76, 1.04, 1.94, 1.36, 0.98
0.61, 1.39, 2.49, 4.48, 7.36, 10.83, 15.37, 20.25, 26.38, 32.72
0.0, -0.42, 1.24, -0.48, -0.12, -0.8, 1.97, -0.95, -1.74, 0.45
0.75, 1.83, 1.84, 2.43, 1.56, 1.34, 2.29, 1.85, 2.95, 2.34
2.57, 1.0, 0.54, 0.03, -0.86, -1.97, -2.09, -2.06, -3.98, -3.65
1.23, 1.48, 2.61, 2.73, 3.01, 2.87, 3.57, 3.48, 4.61, 4.67
1.21, 2.67, 2.52, 0.37, 2.35, 2.45, 1.04, 1.51, 2.85, 1.7
0.0, 0.71, -1.07, 1.75, -1.34, 1.22, 0.28, -0.49, -0.6, -0.57
0.0, 0.8, 0.04, -0.75, -1.06, -0.16, 1.35, 1.81, -0.09, 0.58
-0.2, -1.1, -0.57, 1.59, 2.85, 3.36, 3.82, 4.19, 3.85, 4.68
-1.28, 0.35, -1.13, -1.88, -3.73, -2.24, -0.62, -1.77, -3.01, -4.43
0.0, -0.84, 0.08, -0.58, -0.76, -0.39, -0.28, 0.1, -0.63, 0.8
0.43, 0.9, -0.23, -1.24, 0.08, -0.94, -1.28, -0.99, -1.78, -1.33
1.49, 1.7, -0.18, 1.19, 1.38, 0.98, 0.25, 1.45, 0.72, 1.06
4.45, 6.08, 7.61, 9.45, 10.81, 12.58, 14.09, 15.69, 17.45, 19.08
1.13, 1.09, 3.45, 7.39, 15.03, 22.73, 32.7, 44.91, 58.43, 73.62
0.16, 2.57, 3.37, 5.07, 5.55, 4.16, 3.45, 4.75, 6.29, 8.64
-0.12, -2.22, -3.64, -5.21, -7.22, -8.77, -10.38, -12.12, -13.84, -15.29
-0.43, -1.29, -1.56, -3.75, -7.07, -9.67, -11.63, -13.54, -14.33, -13.19
0.0, -0.14, 0.48, 0.19, 0.09, -1.3, -0.25, 0.41, 1.13, 0.52
1.59, 2.32, 4.73, 6.87, 10.08, 11.91, 18.83, 27.34, 39.51, 57.7
0.51, -0.07, -1.88, -3.52, -4.14, -8.13, -9.28, -12.55, -17.04, -20.43
2.75, -0.64, 5.21, -1.06, 3.26, 2.25, -0.38, 5.33, -1.36, 4.14
-2.39, -2.96, -4.29, -1.66, -6.48, -5.15, -7.2, -7.59, -6.82, -7.37
-0.49, 0.31, 0.13, -0.03, 0.31, 0.72, 0.98, 1.06, 1.35, -0.05
-1.11, 1.95, 3.81, 3.35, 4.45, 5.58, 6.8, 8.8, 7.73, 10.83
0.0, -0.2, 0.51, -0.96, 0.86, 1.22, -0.1, 0.56, -1.34, -0.27
0.25, 0.55, -0.14, -1.04, -2.72, -3.55, -4.01, -3.39, -3.12, -3.31
0.14, 0.27, -2.91, -6.44, -7.56, -8.66, -8.86, -11.48, -14.92, -16.31
1.04, 0.44, -0.49, 2.47, 0.63, -0.03, -0.23, 0.44, 0.34, 0.68
2.33, 1.23, 1.92, 1.56, 1.7, 2.88, 2.7, 2.64, 5.6, 5.07
2.89, 3.41, 4.19, 5.11, 6.03, 6.85, 7.59, 8.5, 9.57, 9.92
0.61, -0.66, 0.85, 1.34, 1.63, -0.18, -0.42, -1.25, -1.86, -2.86
0.68, 0.11, 1.35, 1.08, 0.87, -0.12, -0.77, -1.37, -2.3, -2.91
0.0, 1.21, -1.19, 0.61, -0.31, 1.16, -0.77, 1.18, -0.73, -1.46
0.03, 0.6, 1.07, 1.07, 0.88, 0.13, -0.13, 0.37, -0.38, -1.25
-1.27, -1.89, -2.42, 0.0, -0.21, 2.35, 3.92, 6.82, 9.65, 14.38
0.51, -1.35, -4.91, -10.1, -17.51, -26.65, -35.31, -47.42, -60.46, -76.04
1.6, 4.06, 2.47, 2.24, 2.12, 2.8, 4.07, 4.24, 4.65, 6.35
5.24, 4.26, 1.17, -1.03, -2.59, -5.04, -6.88, -8.96, -10.76, -10.92
0.19, 0.14, -0.03, 0.53, 0.93, 1.92, 3.57, 5.45, 6.08, 7.3
4.32, 0.02, 2.65, -0.7, 3.12, 0.64, 2.71, 2.31, 2.38, 2.07
0.57, 1.16, 0.5, -0.0, -2.0, -2.5, -2.97, -3.64, -2.4, -1.24
0.33, 1.17, 0.48, 0.8, 0.42, 1.82, 1.4, 2.31, 2.79, 4.57
1.46, 1.55, 1.15, 2.26, 0.37, 1.43, 2.31, 1.22, 2.27, 1.5
-0.68, -0.91, -0.63, -1.4, -1.37, -3.41, -4.06, -4.06, -5.25, -4.91
-0.46, 2.45, 12.77, 35.92, 78.77, 148.66, 247.54, 386.13, 566.31, 797.03
0.35, -1.16, -1.32, -1.09, -0.49, -0.32, -1.81, -4.39, -4.57, -4.16
0.25, 0.46, 0.82, 1.22, 1.65, 1.96, 2.15, 2.25, 2.29, 2.32
-0.32, 0.9, -3.28, -3.62, -3.34, -7.98, -4.45, -2.75, -9.21, -7.1
-0.09, -0.18, -0.74, 2.42, 11.28, 26.99, 53.25, 93.02, 147.04, 219.09
-0.77, -0.57, -4.94, -20.9, -53.65, -105.8, -189.53, -305.54, -462.84, -665.04
0.0, 0.08, -0.74, -1.35, 1.62, 2.28, 0.58, 1.06, 1.41, 2.21
0.0, 0.94, 1.63, 0.99, 0.94, 0.38, 0.56, -0.69, 0.1, 0.07
-5.26, -0.58, 1.98, -5.58, 3.26, -2.91, -2.5, 2.42, -5.46, 2.99
-0.94, -0.11, 0.82, 5.52, 15.02, 35.56, 65.64, 110.1, 169.92, 248.89
0.0, 0.35, -0.56, 2.64, -0.96, -0.75, -0.47, -0.4, 0.79, -2.19
0.53, -0.14, -0.77, -1.91, -2.28, -2.41, -2.24, -2.8, -1.94, -2.2
4.88, 2.72, 1.88, -0.06, -0.5, -2.47, -2.6, -3.96, -6.61, -6.92
3.57, 3.73, 1.8, -0.26, -0.29, 1.58, 3.7, 3.8, 2.28, 0.03
-2.36, -2.5, -1.79, -1.47, -0.41, -1.23, -1.07, -1.46, -2.71, -2.46
1.39, 2.52, 3.09, 3.62, 5.47, 8.33, 13.52, 19.65, 28.09, 46.61
0.56, 0.95, 1.06, 1.86, 1.55, 2.63, 2.13, 1.78, 3.37, 3.51
-1.5, -2.14, -2.68, -1.1, -2.71, -2.62, -3.93, -5.17, -6.28, -5.72
0.02, 0.16, -0.78, 0.04, 1.87, 1.79, 0.97, 2.58, 1.14, 0.29
3.58, 2.6, 3.01, 3.25, 2.52, 3.43, 3.25, 2.76, 3.26, 3.29
0.0, -1.13, 0.77, 0.89, -0.27, 0.83, 1.56, -1.38, 2.07, -0.11
-0.21, -0.54, -0.75, 0.3, 0.98, 1.71, -0.17, -1.01, -0.05, -0.24
-0.25, 1.6, -3.29, -1.87, -0.47, -5.29, -4.05, -2.16, -6.96, -5.14
2.18, 2.35, 3.43, 4.15, 4.85, 6.04, 7.9, 9.68, 12.79, 16.09
0.86, 0.38, -0.74, -0.54, -1.48, -1.9, -1.38, -2.43, -2.07, -3.11
0.02, 3.46, 4.3, 2.54, 1.41, 2.25, 5.64, 8.95, 9.98, 8.36
0.0, 0.0, 0.47, -0.73, 0.98, -0.85, -0.41, -1.04, -1.1, 0.58
0.0, 0.74, -0.18, 0.4, 0.35, 0.68, -0.02, 0.29, -1.63, 0.19
0.06, -1.14, -15.19, -70.09, -209.89, -498.29, -1016.19, -1857.88, -3142.15, -5002.73
-0.32, 0.32, 2.33, 1.19, 1.88, 3.65, 4.64, 6.5, 7.99, 11.58
0.0, 0.32, 1.3, 1.48, 2.13, 1.55, 1.03, -0.09, 0.2, 0.98
-1.63, -4.14, -2.89, -1.08, 1.04, 2.27, 1.14, -0.82, -3.25, -3.44
-0.47, -1.44, 0.49, -1.39, -1.21, -0.72, -1.1, -1.78, -2.11, -3.06
3.49, 2.93, 2.87, 2.68, 0.98, -0.86, 0.39, 0.78, 0.27, -1.78
0.41, -0.26, -2.61, -5.34, -7.46, -7.89, -9.25, -10.58, -13.77, -14.61
0.05, 0.21, 0.49, 1.04, 2.35, 4.11, 6.09, 7.47, 8.21, 8.46
0.4, 0.54, 2.47, 3.58, 7.81, 11.0, 16.62, 22.84, 29.41, 38.78
-0.96, 1.42, 0.65, 0.26, 2.43, 3.03, 3.17, 3.45, 3.37, 2.77
0.0, 0.03, -0.61, -1.49, -1.6, -0.76, -1.58, -0.05, 0.12, -0.75
-0.74, -0.97, -1.65, -1.45, -0.12, 0.42, -1.62, -3.46, -4.54, -3.85
0.13, -0.12, -0.07, -0.2, -0.84, -0.31, 0.43, -0.32, -0.4, 0.78
-3.75, 2.5, 1.85, -5.18, -1.39, 3.1, -3.81, -3.72, 2.37, -0.52
2.34, 4.29, 6.28, 8.13, 9.85, 11.6, 12.46, 14.85, 17.67, 18.45
3.91, 5.54, 7.83, 9.02, 11.69, 12.65, 14.2, 15.59, 17.84, 19.72
0.04, 0.82, 5.38, 23.47, 63.88, 138.53, 258.16, 437.91, 693.79, 1041.49
3.56, 0.44, -0.85, 0.14, 3.52, 4.99, 3.84, 0.82, -1.08, 0.21
0.56, 1.49, 5.53, 11.88, 20.76, 35.64, 51.46, 72.56, 98.83, 134.83
0.59, 0.54, 1.09, 1.71, 2.16, 3.45, 4.7, 7.03, 8.42, 11.04
0.0, -0.52, 1.94, -1.05, 2.16, -1.43, -0.57, -0.8, 0.0, 0.3
2.05, 1.26, 2.22, 1.86, 2.48, 2.68, 2.03, 3.14, 2.43, 2.97
0.0, -0.27, -0.58, 0.14, 0.73, 0.62, -0.08, -1.11, -1.28, -1.48
3.24, 4.53, 5.46, 4.74, 7.83, 8.98, 11.49, 13.68, 13.62, 14.97
-1.33, 1.11, 3.64, 5.1, 4.03, 0.62, -2.16, -3.59, -2.7, -0.32
1.01, 1.11, 1.38, 1.62, 1.92, 2.28, 2.81, 3.38, 4.02, 4.74
1.47, 1.7, 1.82, 2.62, 2.99, 2.42, 2.93, 3.68, 3.61, 3.4
0.97, 1.08, 0.97, 1.05, 1.09, 1.2, 0.88, 1.35, 1.27, 1.1
5.05, 4.92, 4.85, 5.08, 5.48, 5.89, 6.38, 7.62, 7.79, 8.52
0.0, -0.8, -1.61, -3.07, -2.39, -2.93, -2.04, -2.05, -1.16, -1.77
0.31, 0.56, 1.91, 2.76, 3.4, 4.81, 5.19, 5.84, 6.57, 8.2
0.0, 1.01, 2.66, 1.38, 0.82, -0.45, -1.03, -0.5, -0.91, -0.66
-0.36, 1.18, -0.1, -0.49, -0.94, 1.72, 5.67, 15.12, 24.95, 43.02
1.05, 1.52, 2.2, 2.91, 4.17, 5.63, 7.93, 11.14, 15.55, 21.71
-0.01, 1.08, -1.82, -1.07, 0.22, -2.98, -1.62, -0.36, -3.77, -2.04
0.55, 0.93, 1.21, 1.84, 2.45, 2.56, 3.67, 5.0, 6.51, 8.67
-1.37, 2.88, 3.05, 5.77, 13.07, 19.15, 26.4, 32.71, 42.59, 53.22
1.29, -2.13, -3.99, -1.86, 1.58, 5.57, 4.27, 1.52, -2.08, -4.03
0.67, -0.81, 0.81, -0.76, -0.55, -0.56, -1.23, 0.25, -2.22, 0.15
0.01, 0.3, 0.3, 1.07, 2.43, 3.57, 3.65, 3.72, 3.7, 4.02
0.17, 1.32, 0.23, -3.16, -7.06, -8.21, -6.9, -5.59, -6.73, -10.36
0.0, 2.35, -0.85, 0.23, 0.53, -0.78, -1.05, -0.93, 0.36, 2.03
-2.16, -3.26, -2.85, -1.7, -2.59, -0.67, -0.69, -0.69, 1.15, 0.6
-0.03, 1.7, -0.06, -1.64, -3.63, -5.27, -5.77, -6.94, -8.08, -9.7
-3.58, 0.49, -1.1, -2.76, 1.75, -3.52, 0.82, -2.4, -0.62, -0.06
0.0, 0.7, -0.11, 1.1, 0.14, -0.43, -1.03, -0.65, -1.92, -0.1
1.22, 0.13, -0.84, -3.06, -4.58, -6.37, -7.58, -9.19, -10.49, -11.89
-1.31, 2.28, -2.19, 1.44, -0.03, -0.86, 0.42, -1.3, -0.8, 0.1
1.45, 1.39, 1.58, 2.89, 2.18, 3.27, 2.62, 2.82, 4.36, 4.85
0.39, 1.29, -0.09, -2.56, -4.06, -2.19, -1.01, -2.76, -5.65, -6.97
-0.79, -2.23, -0.71, -2.31, -0.82, -2.18, -0.93, -2.13, -0.99, -2.04
-1.75, -3.91, -4.05, -4.66, -3.33, -3.35, -3.4, -4.28, -2.65, -3.62
-0.01, 0.57, -0.68, 1.34, 1.78, 2.2, 3.92, 3.02, 3.43, 4.12
0.04, -0.15, -1.67, -2.94, -3.78, -3.69, -4.49, -5.99, -6.48, -6.87
1.45, 0.47, -0.5, -1.18, -2.48, -3.58, -4.37, -5.27, -6.6, -6.82
0.37, 0.54, 0.75, -0.59, 1.38, 2.06, 3.43, 5.07, 3.58, 5.06
2.11, 0.67, 2.92, 6.94, 8.72, 9.32, 14.34, 15.42, 16.52, 17.41
-6.13, -4.76, -5.86, -4.61, -4.94, -5.43, -7.5, -6.51, -5.57, -5.13
-0.26, 2.17, 2.6, -0.54, 0.95, 3.21, 0.97, -0.03, 2.43, 2.41
0.35, 0.49, -1.21, -2.63, -4.91, -7.89, -12.04, -15.95, -21.41, -26.92
1.64, 0.5, 0.31, -0.5, -1.68, -2.35, -1.93, -3.21, -3.44, -4.04
0.0, 0.43, -0.18, 1.94, 1.14, 1.24, 0.25, 0.2, 0.05, -1.0
-0.22, 0.23, -2.23, -2.73, -1.67, -4.56, -4.19, -4.11, -6.62, -6.58
1.65, 2.23, 0.82, 0.22, -0.92, -0.97, -0.53, 0.57, 1.56, 2.02
0.66, 1.24, 1.51, 2.48, 3.83, 4.77, 5.04, 6.34, 6.95, 6.91
-0.05, -0.25, -0.49, -0.78, -1.02, -1.37, -1.65, -1.79, -2.15, -2.35
-2.09, -1.65, -0.87, 0.68, 1.83, -1.67, -2.9, -0.74, 2.55, 1.37
-0.14, -0.96, -0.16, 0.06, -2.02, -2.14, -4.79, -4.63, -3.85, -3.6
-1.21, -0.62, 0.08, -0.51, 0.4, 0.04, -0.0, 1.34, 0.5, -1.68
-1.37, 0.51, -2.23, -3.61, -0.05, 0.83, -2.53, -3.4, -0.65, 0.49
1.64, 1.51, 2.12, 2.32, 2.77, 2.85, 3.13, 3.2, 3.63, 3.72
0.0, 0.1, 0.65, -0.47, -0.3, 0.0, -0.79, 0.87, 0.18, -3.61
0.0, 0.68, 0.24, 1.21, 0.3, 0.59, 0.03, -1.92, -0.39, -0.57
0.0, -0.75, 0.21, 1.35, -0.85, 0.54, 1.12, 0.02, 0.77, -0.18
-1.42, 2.49, 0.06, -5.54, -4.3, -1.47, -5.17, -9.79, -9.38, -6.65
0.57, -0.47, 2.48, 9.66, 19.62, 32.81, 44.89, 48.6, 34.6, -6.4
4.37, 2.24, 1.86, 1.59, 1.41, -0.93, -0.58, -2.4, -2.13, -1.9
-0.13, 0.43, 0.94, 1.53, 2.79, 3.38, 3.36, 3.55, 4.57, 5.1
-4.42, -4.87, -5.92, -7.66, -9.19, -9.94, -11.78, -11.86, -13.73, -15.08
-4.52, -4.45, -4.78, -4.63, -3.59, -4.21, -4.9, -3.8, -4.32, -4.09
1.79, 2.29, 3.56, 4.83, 6.91, 9.85, 14.08, 20.02, 28.3, 40.22
0.12, 2.95, 14.94, 52.47, 136.23, 287.65, 543.96, 941.16, 1523.03, 2336.58
0.01, 1.08, 0.48, 1.45, 2.3, 4.8, 6.19, 6.5, 6.74, 7.35
0.0, 1.8, -2.06, 0.57, 0.54, 1.73, 1.91, -1.05, -0.63, -0.1
-1.05, 0.95, 1.3, 1.8, 1.87, 0.08, 1.19, 0.07, 0.15, 2.09
0.09, 1.18, 1.73, 2.4, 3.1, 4.71, 4.91, 5.72, 5.98, 6.87
0.91, 1.53, 2.06, 2.61, 2.82, 3.26, 3.29, 3.08, 3.1, 2.8
-0.54, -0.71, 2.42, 14.17, 64.22, 178.92, 402.5, 789.68, 1404.64, 2323.1
-0.44, 0.33, -1.74, -7.11, -18.09, -32.99, -56.73, -87.65, -129.41, -183.61
3.27, 3.97, 0.94, -2.23, -1.33, 2.18, 3.87, 2.25, -0.51, -1.7
1.46, 4.62, 0.46, -0.92, -1.09, -1.07, 2.75, 2.2, 1.71, -2.64
0.58, -1.49, -1.24, -3.27, -4.39, -4.99, -6.06, -5.36, -5.08, -6.55
0.75, -0.75, 0.0, -0.28, -2.35, -3.15, -3.35, -3.75, -4.53, -5.0
0.0, 0.53, -0.07, -0.51, -1.32, -0.66, -0.09, 1.37, -1.2, 0.13
-0.05, 0.58, -0.12, 1.0, 0.9, 1.84, 1.38, 2.31, 2.83, 2.83
0.03, 0.4, 0.05, -1.24, -2.85, -4.12, -4.48, -4.08, -3.77, -4.12
0.09, 3.49, 6.36, 7.17, 6.72, 6.39, 7.07, 9.82, 13.46, 17.16
1.47, 1.76, 1.87, 2.54, 2.33, 2.7, 3.33, 4.2, 4.61, 5.32
1.48, 0.39, 0.03, -0.44, -0.15, 1.81, 1.79, 7.24, 3.88, 4.58
0.02, -0.07, -2.34, -2.95, -3.91, -3.27, -2.52, -2.68, -3.54, -1.72
1.55, -0.18, 0.64, 1.56, -0.5, 1.06, -1.19, 2.01, -0.43, 0.53
1.16, 1.84, 1.11, 2.25, 2.19, 1.32, 2.3, 1.86, 2.15, 1.6
-0.1, -0.11, 3.83, 14.3, 36.23, 74.16, 129.9, 210.38, 317.85, 457.82
0.53, 0.56, 0.63, 0.6, 0.67, 0.67, 0.69, 0.77, 0.79, 0.85
0.7, 2.88, 1.36, 2.34, 0.61, 1.18, 1.24, 1.65, 3.95, 2.62
-1.11, 2.75, 4.06, 3.6, 3.95, 4.07, 4.36, 6.95, 7.91, 10.33
2.12, -0.09, -1.58, -3.23, -4.74, -5.67, -8.03, -8.93, -10.18, -12.22
0.0, 0.25, -1.03, -0.91, -0.87, -1.24, 0.75, 1.38, -0.59, -1.84
0.0, -1.03, -0.14, -1.24, -0.2, 0.7, 1.39, -0.47, -0.96, -0.44
0.2, 0.23, 0.39, 0.59, 0.75, 0.99, 1.23, 1.6, 1.78, 2.01
5.23, -3.18, 0.27, 3.9, -4.38, 3.86, -0.11, -3.22, 5.0, -3.41
0.29, 1.31, -0.43, -0.0, 1.49, 1.08, 1.03, 3.35, 3.09, 4.58
0.64, 3.03, 4.63, 5.33, 9.79, 14.06, 18.39, 22.21, 27.39, 33.66
1.35, 1.99, 0.67, 0.83, 0.38, 0.94, 1.34, 3.37, 3.24, 2.68
-0.5, 3.82, 6.79, 5.87, 3.16, 4.1, 6.33, 9.2, 12.67, 15.28
0.66, 0.4, 1.47, 1.18, 4.08, 3.85, 3.88, 5.48, 5.08, 4.57
-0.88, 0.28, 16.24, 79.68, 240.13, 567.62, 1150.23, 2092.83, 3519.46, 5574.65
-0.37, 0.37, 2.12, 1.21, 1.42, 2.15, 2.01, 2.57, 3.32, 3.16
2.48, 0.73, -2.09, -2.52, 0.25, 2.46, 1.54, -0.64, -2.48, -1.38
-3.42, -1.65, 0.46, -3.7, -1.33, 0.75, -3.61, -0.74, 0.07, -4.16
0.0, 0.2, -0.36, -0.19, 0.49, 0.99, -0.13, 0.83, 1.57, 1.69
0.02, -0.35, -0.25, -0.87, -2.41, -2.79, -2.39, -1.83, -1.88, -2.15
1.09, 0.43, -0.14, 0.99, -0.33, -1.81, -0.96, -1.31, -1.34, -3.55
0.49, 1.02, 0.82, 1.91, 3.03, 3.3, 4.64, 7.19, 9.7, 12.72
-0.02, 0.21, -1.2, -3.74, -6.59, -9.68, -10.99, -12.14, -12.52, -13.2
0.0, 0.32, 1.3, -0.62, -1.82, 0.54, 0.07, -1.17, 1.28, 0.92
0.0, 0.35, 0.94, 2.76, 1.42, 0.82, 1.04, -0.07, 0.51, 0.68
0.72, 0.43, 1.03, 2.27, 4.35, 7.23, 10.86, 15.29, 20.4, 26.39
2.26, 1.52, -3.5, -4.69, -0.7, 1.07, 2.54, -1.7, -7.55, -3.52
1.08, -0.34, 0.6, 1.35, 1.33, 0.64, 1.84, 2.12, 2.7, 0.58
2.72, 1.87, 2.87, 1.25, 2.82, 4.95, 2.64, 4.37, 4.82, 5.65
0.97, 3.38, 2.74, 3.89, 5.12, 7.87, 13.9, 19.01, 28.13, 38.19
-3.59, 1.55, -6.13, 4.68, -4.46, -2.09, -0.07, -6.05, 3.03, -7.77
0.78, -1.96, -3.31, -4.43, -6.34, -8.36, -9.3, -10.74, -11.63, -12.9
1.68, 1.23, 0.47, -0.3, -0.78, -1.0, -2.49, -3.22, -3.85, -4.38
0.25, 3.67, -2.08, 1.62, 5.35, 1.47, 5.55, 6.63, 2.12, 5.59
-0.29, 0.41, -0.51, -1.93, -0.8, -2.27, -3.89, -5.36, -4.24, -5.45
0.0, -0.28, -1.43, -0.55, -0.19, -0.35, 0.64, 0.56, 0.28, 1.35
0.53, -1.12, 0.14, -0.95, -1.38, -3.96, -3.21, -2.28, -0.17, -0.59
-0.71, -0.59, -1.38, -3.24, -6.28, -10.06, -15.28, -21.49, -28.66, -36.86
2.74, 2.4, 1.86, 1.32, -0.29, -0.46, 0.43, 1.64, 1.82, 2.35
0.0, 0.45, 1.68, 0.7, -1.06, -0.1, 2.31, 0.62, 1.0, 0.33
0.4, -0.06, 0.44, -0.45, -1.1, -1.1, -2.72, -1.91, -3.91, -3.9
0.11, 0.27, 0.61, 1.26, 2.36, 3.76, 5.16, 6.11, 6.66, 6.87
1.6, 0.84, 2.55, 1.68, 2.14, 4.32, 4.04, 5.42, 7.68, 7.84
-0.22, 0.5, 0.49, 2.03, 2.35, 3.38, 2.91, 2.43, 4.03, 4.55
1.46, 2.81, -1.54, -0.65, 4.31, 0.82, -2.92, 3.61, 3.16, -4.38
-0.78, 2.53, 2.48, 0.78, 4.87, 9.56, 6.91, 5.47, 9.3, 12.66
0.0, 1.73, -0.04, -1.28, -0.85, -2.26, 1.63, 1.35, 0.68, -1.96
-0.0, 2.07, 2.59, 1.04, -0.62, -0.22, 1.92, 4.21, 4.4, 2.81
0.34, 0.52, 0.25, 0.73, 0.8, 0.89, 0.97, 0.8, 1.08, 1.34
0.45, 1.64, 1.35, 1.28, 3.06, 4.61, 4.64, 3.52, 5.02, 8.04
0.29, -1.48, -9.53, -27.88, -61.64, -116.38, -193.76, -301.37, -442.68, -622.08
0.34, 0.8, 0.83, 1.19, 1.74, 2.01, 2.9, 3.34, 2.83, 5.04
-1.22, -2.27, -4.36, -2.91, -2.99, -2.42, -2.88, -4.63, -6.03, -5.27
-0.34, 0.1, -0.05, -1.51, -0.29, -1.57, -2.41, -2.22, -2.23, -2.19
0.58, 2.12, 2.1, 2.08, 4.6, 6.87, 5.82, 6.34, 8.35, 10.96
-1.69, -2.33, -2.15, 0.76, 1.83, 0.09, -2.45, -1.98, -0.25, 1.35
0.05, 0.23, 0.44, 0.74, 2.07, 3.87, 2.97, 4.29, 2.21, 1.88
-1.12, -1.95, -2.36, -1.9, -0.69, -0.84, -0.89, -0.9, -2.09, -1.96
0.87, 1.16, 1.2, 1.81, 2.27, 2.76, 3.0, 3.16, 4.08, 3.98
-1.3, -1.09, 1.42, 2.95, 5.8, 8.53, 11.19, 14.22, 15.17, 20.12
0.85, 0.87, 1.17, 1.07, 2.27, 2.31, 3.44, 3.12, 3.56, 3.21
-0.2, -0.91, -1.8, -2.8, -5.24, -6.57, -7.85, -8.67, -10.01, -10.84
0.51, 0.81, 1.66, 0.12, -1.22, -0.9, -0.77, 0.35, -0.75, -0.76
-0.12, -0.21, 0.36, -0.36, -0.02, 0.47, 0.17, 0.94, 1.03, 1.53
0.75, 2.33, 4.27, 3.72, 5.68, 7.3, 9.36, 11.87, 14.64, 16.22
3.34, 2.26, 2.04, 1.26, 0.85, 0.31, -0.89, -0.53, -2.35, -2.9
0.0, 1.06, 0.17, 0.16, -1.43, 0.44, -0.13, -0.72, 1.21, -0.3
-0.82, 1.21, -0.89, -3.99, -2.03, 0.69, -3.35, -5.87, -3.71, -1.75
0.09, 1.43, 3.6, 2.35, 2.08, 2.26, 1.42, 3.91, 7.84, 9.1
-0.14, -0.58, 3.58, 9.95, 23.79, 40.38, 63.89, 95.16, 135.13, 183.52
0.21, -0.04, 0.5, 1.67, 2.53, 4.15, 5.47, 6.25, 6.76, 6.82
-0.96, -0.08, -0.68, -4.44, -5.42, -5.08, -4.17, -6.2, -8.94, -11.38
-0.7, 0.68, 1.29, 3.47, 3.61, 3.13, 4.74, 5.06, 7.74, 8.12
1.48, 1.47, 1.82, 1.25, 2.38, 0.97, 1.84, 2.41, 3.25, 3.09
1.09, 0.04, -0.22, 0.86, -0.14, 0.2, 0.65, 0.77, 0.65, -0.07
0.4, 0.3, 1.24, 2.11, -0.08, 1.43, 2.12, 3.26, 2.71, 2.95
0.54, 2.28, 2.6, 4.48, 5.81, 6.37, 5.93, 7.07, 7.44, 7.71
0.35, -0.28, -1.33, -0.89, -0.68, -1.23, -0.85, -1.15, 0.53, 0.24
-0.34, 0.18, 1.55, 1.02, 2.21, 1.66, 1.61, 2.99, 3.3, 5.12
-2.09, 2.79, 6.86, 2.04, -2.74, -4.11, 0.45, 5.66, 5.22, 0.36
-0.12, 0.37, 1.44, 5.09, 14.39, 30.62, 56.52, 94.06, 145.54, 213.47
-0.65, 0.16, 0.05, -1.05, -1.54, -0.17, 0.65, 2.02, 1.27, 1.81
1.78, 1.02, -0.32, 0.82, -2.44, -4.3, -6.38, -8.15, -12.27, -16.95
-1.17, 0.59, -0.32, -0.14, 0.85, -0.12, 0.57, 0.85, 0.29, 0.82
1.24, 1.04, 1.18, 2.32, 2.15, 1.44, 1.37, 1.47, 2.11, 1.97
-1.38, 0.51, 2.83, 2.57, 0.59, -1.62, -1.15, 1.43, 3.38, 2.42
-0.01, 1.56, -3.78, -8.17, -7.78, -5.98, -11.52, -14.62, -13.33, -12.65
0.0, 1.6, 0.8, 0.31, -0.28, 0.18, 1.55, 0.63, -0.74, 1.43
-3.31, -2.61, -2.04, -1.33, -0.68, -0.09, 0.54, 1.21, 1.9, 2.52
-2.01, -2.22, -3.68, -4.59, -6.28, -6.35, -7.0, -8.62, -9.37, -9.78
-3.37, -2.77, -1.22, -0.81, -2.42, -2.49, -0.92, -1.62, -3.43, -2.61
0.03, -1.08, -2.08, -3.08, -4.31, -5.45, -6.32, -7.15, -7.88, -8.76
3.04, 3.4, 2.05, 2.97, 2.5, 3.21, 4.07, 5.01, 5.19, 6.5
0.0, -0.38, -0.64, -1.28, -0.9, -2.77, -5.73, -4.22, -4.38, -3.82
0.94, 0.09, -0.48, -1.04, -1.78, -2.45, -2.36, -1.07, -2.77, -2.43
1.63, 0.48, 1.24, -1.54, -0.29, -0.78, 0.75, -0.23, 0.73, 1.35
0.56, -0.69, 0.79, 0.0, 1.02, 2.13, 4.12, 2.71, 4.32, 5.59
-0.64, 0.66, 2.88, 5.24, 8.52, 12.1, 16.64, 22.14, 27.99, 34.83
0.43, 1.34, 2.07, 1.35, 1.86, 2.42, 1.88, 0.8, 0.42, 0.74
1.59, 1.68, 2.74, 3.23, 2.37, 0.91, -0.21, -0.04, -0.56, 0.38
2.26, 2.15, 1.83, 2.9, 2.78, 2.53, 3.07, 3.37, 3.51, 3.07
-0.76, -0.33, 10.41, 65.69, 220.16, 554.46, 1168.9, 2189.62, 3764.39, 6064.21
0.67, 2.35, 1.52, 1.51, 2.3, 1.87, 2.5, 2.97, 2.9, 1.23
2.8, 1.98, 2.03, 2.92, 2.9, 2.46, 1.23, 1.22, 2.34, 1.78
-0.23, -0.59, 5.09, 18.45, 48.17, 95.82, 165.69, 265.49, 394.7, 562.11
-0.81, 0.39, -1.49, -2.08, -1.69, -3.38, -2.9, -4.06, -3.89, -5.27
-0.6, 1.97, 0.66, -0.55, 1.3, 3.43, 1.38, -0.46, 2.7, 4.42
1.41, 3.13, 1.95, 1.19, 0.72, 3.67, 6.41, 5.36, 4.89, 5.49
0.82, 0.94, -0.15, -3.61, -10.16, -20.55, -35.71, -56.35, -83.15, -117.05
0.0, 1.13, -0.68, -1.01, -0.65, -0.29, -1.05, 1.53, 0.78, -0.15
0.63, 0.46, 0.71, 0.17, 1.1, 1.42, 1.51, 2.58, 1.75, 2.11
1.11, 1.35, -0.32, 0.9, 0.93, 1.02, 1.01, 2.43, 3.07, 3.54
0.51, 0.78, 1.09, 1.53, 1.8, 2.1, 2.42, 2.64, 3.19, 3.55
0.0, 1.12, 0.54, 1.85, 0.21, 0.37, 0.61, 0.6, 0.38, -0.13
-2.3, 2.66, -4.38, 0.86, -0.57, -3.58, 2.42, -4.22, 0.58, 0.11
-5.17, 1.7, 0.83, -6.81, -2.85, 1.96, -2.72, -6.21, 0.67, 0.81
-3.61, -4.23, -4.03, -6.08, -7.38, -8.1, -9.33, -9.78, -10.52, -9.83
1.89, 3.0, 3.73, 4.16, 4.47, 5.25, 5.38, 6.72, 6.81, 7.62
-0.24, 1.62, -0.15, -1.33, -0.25, 1.43, 0.13, -1.43, -0.23, 1.79
0.25, 0.28, 0.06, -1.76, -1.88, -1.27, -1.68, -2.85, -2.28, -2.26
0.41, 1.69, 1.78, 2.35, -0.06, -1.56, -3.43, -3.63, -2.28, -1.39
-0.88, -3.49, -0.45, -1.07, -2.75, 0.55, -1.39, -2.12, 0.39, -2.0
0.0, -1.91, 2.12, -0.55, 2.48, -2.24, 1.27, -0.87, 0.13, -0.44
2.07, 1.48, 1.45, 1.34, 0.89, 0.65, 0.17, -0.06, -0.27, -0.34
0.0, -0.47, -0.49, 0.32, 0.96, 1.43, 1.92, 2.3, 3.17, 3.06
0.0, -0.03, 1.22, -0.37, 1.06, -0.87, 0.11, -0.53, 0.35, -0.53
-3.91, 1.77, -1.53, -1.77, 2.8, -4.92, 3.25, -3.06, 0.11, 1.46
-5.43, -4.76, -6.31, -7.59, -7.71, -7.63, -8.67, -9.83, -10.77, -10.51
0.0, 0.96, 1.77, 1.9, 2.0, 2.6, 3.59, 3.62, 2.97, 1.53
0.0, -0.39, -0.27, 0.11, 0.46, -0.63, -0.44, 0.04, -1.07, 1.65
0.0, -0.02, -2.5, -0.22, 0.64, 0.35, -0.58, -0.97, 0.74, 0.35
1.21, 1.59, 2.12, 2.04, 2.46, 2.72, 2.76, 2.97, 4.02, 3.84
-0.13, 0.67, -1.44, -1.87, -1.5, -2.16, -1.43, -2.28, -2.78, -3.95
0.0, -1.42, 0.72, -0.36, -0.71, -0.22, -1.46, -0.11, -0.51, -1.29
-0.12, 2.45, 8.78, 25.59, 54.56, 98.58, 162.96, 250.23, 364.11, 508.47
0.0, 0.38, 1.31, 0.71, 2.13, 1.41, 0.53, -1.0, -0.76, -1.81
0.96, 0.33, -1.82, -5.28, -9.94, -18.36, -27.56, -39.61, -53.83, -69.32
0.85, 0.77, 0.48, 2.5, 0.98, 0.64, -0.07, 2.04, 2.94, 2.16
-0.31, 0.82, 0.78, 2.25, 2.2, 0.43, 1.35, 0.69, 1.05, 2.78
-0.07, 2.94, 2.6, 1.13, 1.55, 2.6, 3.12, 8.41, 8.34, 6.9
-3.18, -0.22, -1.04, -2.87, 0.48, -2.25, -1.91, 0.32, -3.05, -0.71
-1.65, 1.07, -0.27, 1.02, 1.71, 2.68, 2.36, 3.78, 2.72, 3.19
0.21, 1.77, 0.76, 3.11, 1.58, 1.12, 1.48, 2.3, 2.1, 3.69
0.0, -0.64, 0.24, 0.37, -1.42, 0.89, -0.61, -0.53, -0.58, -1.65
-1.89, -0.32, 0.58, -1.78, -3.86, -5.79, -8.24, -8.86, -14.01, -16.73
-0.51, 0.53, -0.51, -0.18, 0.25, 0.27, 0.35, -0.1, 0.57, 0.24
2.42, 2.2, 0.2, 0.0, -1.01, -0.47, -1.12, -1.65, -3.58, -1.96
1.21, 2.04, 2.26, 3.03, 2.8, 3.34, 3.54, 3.0, 1.43, 1.79
0.0, -0.57, -0.64, 1.04, 0.68, -0.54, -1.49, 0.39, -0.42, -1.61
0.42, 0.63, 0.56, 0.19, -0.18, -0.12, -0.97, -1.16, -1.95, -2.33
1.24, 1.27, 1.42, 1.29, 1.77, 1.66, 1.77, 1.99, 2.11, 2.19
-2.51, -2.69, -2.94, -3.3, -3.86, -3.89, -4.22, -4.77, -4.88, -5.09
1.6, 1.59, 0.87, 0.82, 1.88, 0.59, 2.6, 1.76, 3.31, 1.23
-0.19, 2.48, 3.58, 3.65, 2.57, 2.83, 4.28, 6.79, 8.86, 9.98
0.0, -0.98, 1.48, 0.61, -0.26, -0.18, 0.89, 1.71, 1.76, -0.3
0.0, -0.51, -0.49, -0.71, -1.81, -2.01, -1.67, -2.87, -3.38, -2.68
2.64, 4.87, 3.04, -2.85, -2.13, 4.16, 4.7, 2.46, -3.45, -0.99
0.93, 1.29, 1.82, 2.05, 2.59, 3.16, 3.89, 4.47, 5.1, 5.81
1.44, -0.67, 8.74, 49.14, 166.97, 419.34, 887.25, 1669.08, 2870.28, 4627.35
-0.03, 0.24, -1.49, -1.15, -0.76, -2.55, -2.26, -1.86, -3.75, -3.46
-0.31, -1.13, -3.22, -3.16, -4.44, -4.94, -5.25, -6.86, -5.72, -6.55
0.18, -2.57, -2.76, 2.74, -4.2, 4.94, -3.86, 4.49, -4.83, 1.73
0.84, 1.78, 1.49, 2.84, 2.05, 1.34, -0.21, -0.03, -1.36, 0.16
-0.37, 0.86, 0.42, -0.08, -4.21, -6.34, -6.3, -6.95, -4.62, -5.31
0.91, 0.89, 1.61, 0.76, 0.96, 2.41, 4.49, 2.56, 4.22, 4.11
0.74, 0.44, -5.7, -3.96, -4.64, -9.0, -7.16, -6.0, -11.8, -11.32
0.37, -2.56, -4.22, -6.24, -6.71, -9.63, -11.8, -13.42, -15.94, -18.09
0.07, 0.05, 0.77, 1.63, 3.38, 3.19, 3.26, 3.14, 3.39, 2.73
-0.2, -0.7, -3.82, -2.86, -0.7, 0.44, -1.22, -4.93, -3.02, -0.01
-3.59, -6.59, -8.27, -8.67, -10.56, -11.68, -12.97, -15.81, -17.06, -19.51
-0.4, -1.73, -0.77, -1.44, -1.43, -0.62, -0.71, -0.23, -0.3, -0.08
-0.14, -0.2, -1.94, -3.83, -6.24, -7.54, -9.92, -13.17, -13.48, -13.91
1.79, 1.97, 2.22, 3.63, 2.82, 2.38, 0.31, 0.2, 0.91, 0.33
0.48, 0.79, 1.2, 1.86, 1.8, 1.74, 3.7, 4.15, 4.45, 4.64
-0.03, 0.85, 2.27, 4.73, 8.46, 14.74, 20.31, 29.2, 37.67, 48.59
0.0, -1.07, 1.53, -0.12, -1.72, 2.1, -0.9, 1.94, -2.39, 0.8
1.57, 1.19, -0.03, 2.12, -0.8, 2.2, 0.32, 0.66, 2.04, -0.61
-0.3, 1.49, 3.52, 6.14, 7.63, 9.77, 12.28, 13.49, 14.9, 17.57
0.51, -0.15, 1.01, -0.53, 0.43, 2.5, 3.85, 4.45, 6.56, 7.82
3.2, 0.85, -0.5, 2.5, 4.27, 1.25, -1.12, 2.61, 3.42, -0.4
0.01, 2.53, 3.78, 3.44, 2.35, 2.03, 3.27, 5.78, 8.32, 9.57
-0.16, 2.15, 2.75, 2.76, 1.45, 0.11, -0.02, 0.81, 2.72, 4.8
1.48, 1.97, 2.29, 2.06, 3.03, 3.13, 4.56, 5.71, 6.37, 7.08
0.64, 0.03, -1.31, -1.17, -2.02, -1.95, -1.66, -0.36, -1.49, -3.18
6.52, -0.68, -1.73, 6.09, 2.68, -1.67, 3.04, 5.27, -1.05, -0.69
-2.49, -4.43, -5.15, -4.37, -4.98, -3.82, -3.33, -2.04, 0.38, -0.36
0.0, -0.23, -0.47, 1.04, 0.05, 1.86, 0.96, -0.61, 0.95, -1.24
0.38, 0.3, -1.0, -6.07, -16.88, -36.26, -65.72, -108.89, -166.91, -242.8
0.01, -1.24, -1.52, -2.89, -3.51, -3.12, -3.91, -4.87, -4.46, -4.4
-2.04, -1.79, 0.54, 0.64, 2.34, 2.74, 4.29, 4.66, 6.0, 6.01
-1.18, -1.97, -6.04, -9.88, -18.13, -26.65, -39.05, -49.93, -64.47, -81.19
0.06, 0.48, 0.02, -2.24, -5.56, -9.25, -11.46, -11.96, -11.48, -10.67
0.37, 0.28, 0.29, -0.37, 0.05, 1.09, 0.92, 1.45, 1.7, 3.03
0.9, 0.71, 0.92, 1.84, 2.48, 4.18, 4.44, 6.94, 9.36, 14.56
0.39, 0.49, 0.52, 0.74, 1.74, 2.24, 1.8, 2.15, 2.78, 2.52
0.49, -0.04, 0.63, 1.06, 1.76, 2.78, 3.79, 4.34, 5.41, 6.39
2.81, 2.54, -0.45, -3.76, -4.0, -0.55, 1.91, 3.54, 0.29, -3.21
0.06, -0.17, -0.58, -0.19, 0.94, 2.0, 3.57, 5.56, 7.99, 10.37
-0.41, -0.51, -0.89, -1.9, -7.64, -18.47, -35.92, -62.69, -99.88, -149.49
0.38, -0.68, -0.84, 0.0, 1.53, 2.53, 4.41, 6.33, 8.66, 9.49
1.37, 1.55, 2.42, 0.79, 0.94, 2.05, 2.4, 1.74, 1.27, 2.7
-0.04, 0.34, 0.18, 1.46, 2.22, 2.57, 3.72, 4.23, 4.73, 4.6
-1.85, -1.58, -0.73, 0.18, 0.83, 1.64, 1.65, 2.13, 3.51, 3.74
-0.37, 0.53, -0.48, -0.04, 0.72, 1.26, 2.48, 3.34, 2.88, 2.84
-0.52, -0.06, -0.35, -2.46, -8.44, -9.49, -10.2, -10.95, -11.02, -11.62
-1.16, 0.37, -0.6, -2.86, -2.76, -0.66, -1.9, -4.56, -3.43, -3.01
0.56, 0.74, -0.48, -0.17, 0.31, 0.67, 0.56, 1.07, -0.27, -0.43
0.67, 0.8, 0.31, 1.2, 1.67, 0.87, 2.19, 1.58, 2.14, 2.12
1.99, 2.48, 3.53, 4.35, 5.94, 7.62, 10.27, 12.72, 16.97, 23.16
0.19, 1.51, 0.63, 0.88, 0.84, 1.1, 1.52, 1.93, 1.18, 1.33
0.78, 0.81, 1.22, 0.77, 1.39, 1.13, 1.11, 1.37, 1.38, 1.19
-4.01, -4.95, -4.86, -5.12, -5.04, -7.22, -7.27, -8.22, -7.23, -8.8
-0.26, 0.12, 0.35, -0.07, -0.51, -1.63, -0.66, -0.19, -0.45, -0.83
0.0, -0.42, 0.1, -0.97, -1.38, 0.74, 0.13, 0.5, 0.43, 0.1
0.17, 0.38, 2.65, 5.57, 10.25, 16.05, 23.57, 31.63, 39.5, 51.65
0.0, 1.42, 0.27, -0.34, -1.11, -1.08, -1.08, -1.61, 0.49, -0.27
1.1, 1.99, 2.25, 3.91, 6.33, 7.55, 13.32, 20.35, 29.53, 43.27
0.0, -0.01, 0.44, 0.39, 0.99, -0.09, -0.81, -1.19, 0.22, 1.12
0.69, 0.75, 1.45, 1.48, 1.61, 2.31, 3.0, 3.28, 4.12, 4.87
3.58, 4.61, 4.11, 4.78, 6.05, 6.28, 6.96, 9.08, 9.71, 10.47
4.59, -1.95, 4.61, -2.03, 4.33, -3.19, 4.95, -2.5, 4.62, -2.67
0.06, 2.3, 2.94, 3.87, 2.76, 2.08, 3.35, 5.95, 9.07, 11.12
1.04, -0.98, -3.45, -5.71, -0.95, 18.23, 62.71, 148.13, 288.18, 504.63
0.0, 0.72, 1.71, 1.04, 0.63, 1.23, -0.13, 1.2, -0.09, 1.31
0.96, 0.2, 1.67, 7.81, 25.41, 50.73, 92.23, 151.32, 232.49, 336.86
1.19, 0.71, 1.65, 3.88, 4.83, 6.06, 6.93, 7.8, 6.85, 7.33
-1.06, 0.7, 2.4, 5.32, 7.22, 8.6, 11.04, 12.25, 14.85, 16.93
-2.62, -0.16, 1.47, -0.98, 1.49, 0.55, 1.97, 1.64, 1.92, 0.45
0.28, -0.73, -5.65, -15.44, -30.21, -46.9, -62.08, -69.35, -61.26, -28.11
-4.14, -2.12, -3.59, -1.38, -0.58, -2.49, -2.43, -3.89, -2.18, -0.77
3.75, 3.72, 5.8, 6.37, 7.51, 8.96, 8.93, 10.38, 13.22, 13.39
-1.24, -2.21, -11.11, -44.43, -123.85, -282.63, -558.85, -1001.44, -1665.08, -2612.6
4.38, 3.96, 3.48, 2.85, 2.53, 2.67, 1.98, 1.35, 1.43, 0.34
0.7, 2.63, 4.57, 6.58, 6.99, 7.84, 11.09, 12.92, 15.95, 17.95
1.56, 1.73, 2.5, 3.16, 3.12, 4.08, 3.95, 4.88, 5.08, 5.18
0.4, 1.05, 1.2, 0.89, 0.34, -1.56, -3.26, -6.18, -7.36, -11.9
-0.07, 1.68, 2.47, 3.75, 4.71, 5.05, 6.25, 6.52, 7.19, 8.49
1.75, 2.24, 2.94, 3.54, 4.66, 5.8, 7.13, 9.13, 11.43, 14.62
-0.6, 2.93, 4.3, 5.4, 6.44, 8.8, 10.65, 13.36, 16.75, 16.06
0.31, 0.65, 0.84, 1.34, 1.04, 1.42, 0.54, 2.11, 1.92, 1.68
0.0, 1.61, 1.93, 0.84, 0.39, 0.68, -0.18, 0.03, -0.81, -2.18
0.81, 0.97, 1.29, 2.22, 3.08, 4.78, 6.6, 9.37, 14.37, 20.85
-1.05, 4.8, 3.94, -1.3, 0.23, 5.23, 2.44, -2.43, 1.88, 5.82
0.56, 0.68, 2.36, 4.69, 7.35, 10.53, 16.05, 20.07, 25.14, 31.1
-1.17, -1.44, -2.58, -0.88, -1.57, -1.79, -0.45, -1.55, -2.12, 1.39
-3.21, -1.25, 0.31, 1.2, 0.96, 2.71, 4.12, 4.92, 7.12, 6.69
2.02, 2.07, 3.96, 4.31, 6.63, 8.82, 9.42, 14.97, 21.15, 28.88
1.69, 0.18, 2.3, 2.92, -0.91, 0.57, 3.31, 0.94, -0.4, 2.95
1.13, 0.12, 1.25, 0.57, 1.24, 1.58, 0.45, 1.85, 1.03, 1.76
3.49, 0.91, 1.86, 3.0, 1.46, 4.09, 1.71, 3.74, 3.63, 6.19
0.0, 0.94, -1.26, 0.95, -1.06, 1.37, -2.17, 2.49, -0.8, 1.16
0.0, -0.11, 0.21, 0.13, 0.52, 1.61, 4.14, 2.55, 2.19, 2.41
-0.72, 0.64, 1.59, 3.29, 4.88, 7.53, 9.85, 12.92, 15.4, 18.99
-1.24, 0.3, 2.24, 5.19, 5.72, 6.46, 7.99, 9.7, 11.84, 13.09
-0.04, -0.33, -0.2, -1.09, -2.24, -4.81, -5.75, -6.62, -6.14, -5.26
2.08, 2.36, 1.63, 1.4, 0.01, 0.82, 0.19, 1.7, -0.7, 0.02
1.05, 0.98, -1.2, -0.48, 1.59, -2.67, -0.91, 1.5, -1.97, -0.09
-0.25, -0.25, -1.27, -1.82, -0.06, -0.7, -0.87, -1.46, -1.0, -0.51
-0.21, 1.75, 11.86, 43.24, 113.25, 246.86, 474.46, 831.77, 1361.98, 2110.94
0.78, 0.95, 1.1, 1.34, 1.57, 1.85, 2.2, 2.63, 3.11, 3.71
-0.88, -0.71, -0.61, 1.97, 1.41, 2.34, 1.14, 0.82, 3.07, 3.73
0.06, 1.29, -0.72, -2.42, -0.88, -1.87, -2.83, -4.94, -3.88, -3.86
0.0, -0.49, -0.89, -1.31, -1.69, -2.58, -2.88, -3.26, -3.77, -4.65
0.38, 0.13, 2.69, 2.95, 1.4, 3.52, 4.19, 3.99, 2.43, 1.92
0.18, 3.36, 4.27, 4.63, 2.85, 5.48, 8.33, 11.84, 12.21, 12.42
1.76, 2.0, 3.61, 3.39, 3.72, 4.67, 4.6, 6.37, 7.86, 6.84
0.42, 1.0, 1.6, 1.66, 3.3, 1.07, 3.61, 1.81, 2.88, 0.41
-0.23, 0.11, 2.89, 14.59, 36.13, 77.09, 138.35, 225.18, 342.14, 493.29
1.37, 1.67, 2.57, 3.0, 3.76, 5.02, 6.47, 7.62, 9.52, 12.42
0.69, 2.05, -2.76, 2.7, 2.35, -2.27, 2.03, -1.74, -1.32, 2.73
1.41, 2.02, 2.76, 2.94, 3.81, 3.99, 5.09, 5.05, 5.09, 6.15
1.15, 1.25, 1.4, 1.67, 1.93, 2.29, 2.53, 2.75, 2.96, 3.26
0.88, 2.34, 4.32, 5.3, 6.9, 8.16, 9.9, 11.41, 12.47, 14.15
1.16, -0.36, 0.89, 2.01, 1.9, 2.29, 2.79, 3.11, 2.49, 2.23
0.71, 1.34, 1.47, 1.88, 1.89, 1.62, 1.66, 1.62, 2.05, 2.32
-0.2, -0.84, -0.51, 1.35, 5.36, 11.14, 20.04, 32.61, 48.89, 69.77
0.0, 1.46, 0.97, 1.15, -1.25, 0.46, 0.15, -1.37, -2.23, 0.19
0.0, 0.12, -0.52, -1.3, -0.57, 0.94, 2.86, -0.07, 0.27, -0.29
0.16, -1.76, -1.07, -0.29, -1.87, 0.29, -0.42, -1.4, -0.54, -0.9
2.17, -1.09, -2.39, -5.64, -7.15, -8.85, -10.98, -11.32, -13.12, -16.27
0.0, -0.19, -0.18, 0.57, 0.37, -0.04, 0.37, 1.0, -0.92, 0.87
-3.49, -3.32, -4.27, -5.06, -4.94, -4.96, -6.26, -6.9, -6.62, -7.01
0.05, -0.61, -5.05, -19.56, -49.04, -99.68, -177.24, -286.45, -433.53, -623.92
-3.27, -3.0, -2.28, -0.03, -0.9, -2.5, 0.13, 0.75, 1.37, 1.44
-2.7, 2.93, -1.12, 0.37, 1.48, -1.69, 3.23, -2.35, 0.57, 0.01
-2.0, 0.33, -0.93, -0.75, 0.56, -0.46, -2.61, -1.25, -0.12, 0.71
0.74, 0.74, 0.32, 0.06, 0.18, 0.57, 0.41, 2.77, 1.89, 0.62
-3.65, -1.55, -0.79, 1.09, 3.01, 2.26, 4.0, 6.26, 6.71, 8.76
1.38, 2.35, 3.0, 2.43, 3.11, 3.92, 4.06, 6.28, 7.33, 7.89
1.17, 1.31, 2.11, 0.57, 0.63, 1.57, 1.96, 1.97, 0.7, 2.06
0.63, 0.81, 1.0, 1.18, 1.37, 1.55, 1.74, 1.92, 2.11, 2.29
2.75, 3.45, 4.06, 4.87, 5.66, 6.45, 6.79, 7.53, 7.89, 8.32
2.17, 0.22, -4.26, -17.65, -49.21, -98.97, -175.52, -280.76, -424.66, -609.7
0.0, 1.93, 1.14, 2.32, 0.93, -1.84, -1.39, -0.89, -2.54, -1.9
1.5, 4.15, 3.56, 4.13, 3.72, 4.91, 3.17, 5.38, 4.57, 6.19
1.22, 1.18, 0.33, 0.2, 1.98, 2.66, 1.35, 2.05, 2.45, 2.64
2.07, 0.69, 1.54, 2.04, 5.16, 5.13, 7.3, 12.86, 18.45, 27.64
-0.13, -0.13, -0.94, -2.76, -4.84, -6.22, -5.99, -5.61, -5.79, -8.69
-0.19, -0.42, 0.36, -2.47, -7.41, -9.27, -7.96, -7.21, -7.99, -9.2
-0.05, -0.26, 0.17, 1.51, 2.08, 2.18, 2.47, 3.24, 3.22, 3.65
-0.08, -1.13, -0.96, -1.54, 0.13, -0.85, -1.15, -1.61, -1.86, -2.44
1.33, 1.77, 1.47, 2.79, 3.35, 2.35, 2.09, 2.73, 3.21, 3.82
0.79, 1.57, 3.26, 6.69, 12.22, 18.09, 26.44, 35.22, 46.23, 58.37
0.99, 0.38, 2.73, 12.55, 34.86, 73.75, 135.0, 223.15, 342.3, 498.02
2.23, 1.64, 1.72, 2.12, 2.24, 1.79, 3.34, 3.8, 3.59, 4.26
0.0, 0.6, 1.99, -2.16, -0.7, -0.28, 0.75, 0.06, -0.18, -0.7
-0.03, 0.1, -1.87, -3.87, -3.78, -3.69, -5.69, -7.67, -7.67, -7.5
2.25, 3.77, 5.92, 7.84, 9.06, 11.42, 12.42, 15.25, 17.0, 18.5
-0.04, -1.34, -18.27, -87.02, -267.3, -642.13, -1318.44, -2426.37, -4119.93, -6576.43
0.09, -0.32, 0.31, 0.56, -0.7, 0.89, 0.41, 0.82, 0.66, 1.96
1.18, 1.58, 2.61, 3.17, 4.53, 5.51, 8.14, 10.52, 15.09, 20.27
-0.6, 0.37, 3.89, 6.47, 10.28, 19.3, 26.21, 38.72, 50.08, 65.9
-0.74, -3.15, -0.23, -3.03, -0.07, -2.68, -0.02, -3.16, 0.23, -3.4
0.51, -0.94, -0.63, -1.21, -0.94, 0.74, 0.32, 0.39, 0.92, -0.52
2.68, 3.5, 3.04, 3.81, 5.82, 7.91, 10.62, 13.54, 19.02, 25.44
1.48, 1.01, 6.89, 16.55, 31.07, 56.53, 97.44, 148.19, 216.72, 306.22
0.88, -2.33, -1.35, 0.91, -0.51, -2.42, 0.35, 1.27, -1.64, -2.13
-1.64, -0.78, -0.66, -0.4, -0.75, 0.53, 0.49, 2.31, 1.59, 1.56
1.29, 2.62, 2.49, 2.39, 3.84, 4.19, 5.16, 6.0, 6.89, 8.22
1.38, 2.69, 4.81, 4.63, 5.31, 7.25, 8.21, 9.13, 10.25, 11.11
1.93, 1.15, 0.49, 1.14, 0.4, 2.36, 2.56, 4.55, 3.72, 3.7
0.85, 1.95, 0.19, -0.61, -1.63, -0.68, -0.71, -0.57, -1.84, -1.9
0.0, 0.91, -0.57, 0.44, 0.64, -0.44, 0.81, -0.87, 0.93, 0.71
0.52, 0.37, -0.47, -1.72, 0.02, -0.83, -0.57, -0.26, -0.8, -1.51
0.8, 0.16, -0.97, -1.87, -0.43, -0.6, 1.34, 3.01, 4.55, 3.9
-1.83, -0.83, -1.29, -0.97, -0.38, 0.33, 1.1, 2.57, 1.67, 3.19
-0.54, 3.4, 2.63, 2.0, 0.48, 2.75, 5.09, 6.78, 7.21, 5.41
0.48, -1.27, -14.71, -58.26, -160.21, -359.31, -703.82, -1252.17, -2072.23, -3242.39
0.51, 0.66, 0.78, 1.01, 1.2, 1.39, 1.63, 1.82, 2.05, 2.13
0.95, 3.45, 4.81, 2.22, 0.4, 1.86, 4.77, 8.66, 9.67, 8.35
-0.45, 3.33, 2.5, 1.72, 0.76, 1.41, 4.66, 6.99, 6.9, 6.97
-1.7, -4.08, -5.96, -7.55, -9.56, -12.85, -13.85, -16.14, -17.78, -19.39
-5.12, -5.4, -7.41, -8.56, -9.65, -11.15, -12.6, -14.51, -16.6, -16.94
0.0, 0.02, -0.61, 0.9, 0.26, 1.01, -0.94, 2.03, -3.33, 2.86
1.43, 1.44, 1.1, 1.72, 1.7, 1.84, 2.01, 2.31, 2.34, 2.4
2.49, 3.29, 2.95, 3.03, 4.05, 3.64, 6.85, 8.27, 10.91, 14.55
0.85, -0.1, 0.16, -1.99, -1.84, -2.67, -5.01, -4.53, -4.19, -4.25
1.66, 1.49, 1.56, 1.66, 1.95, 1.89, 1.97, 2.4, 2.27, 2.55
0.45, 1.78, 2.45, 2.84, 5.31, 6.71, 6.7, 7.85, 8.61, 12.72
1.77, 1.96, 2.56, 1.12, 1.64, 2.46, 2.59, 4.47, 4.67, 7.25
-0.78, -1.66, -1.95, -1.56, -0.2, 0.91, 2.72, 3.71, 4.57, 4.86
0.33, 0.57, 1.03, 1.41, 1.8, 1.98, 2.32, 3.84, 5.29, 6.62
-0.75, -1.8, -3.33, -4.8, -6.22, -7.16, -8.18, -9.62, -10.97, -13.16
-0.83, -1.79, -1.45, -1.17, -0.41, -1.13, -0.12, -1.74, -1.07, -2.59
1.34, 1.68, 2.01, 2.44, 2.91, 3.38, 3.84, 4.36, 4.77, 5.16
1.41, 2.18, 7.87, 19.51, 35.51, 63.68, 96.88, 146.28, 209.5, 285.98
-2.85, -4.07, -5.27, -6.48, -7.71, -8.92, -10.13, -11.36, -12.6, -13.79
0.1, 0.63, 1.39, 2.25, 3.33, 3.37, 3.31, 3.71, 3.6, 4.05
-1.84, -1.9, -3.71, -3.58, -4.05, -3.87, -2.94, -2.95, -3.76, -4.09
1.92, 0.47, -0.07, -1.65, -5.02, -10.66, -15.14, -22.03, -29.0, -36.6
1.7, 1.81, 1.18, 2.09, 4.85, 6.07, 8.92, 10.58, 14.82, 21.83
1.17, 1.42, 1.74, 2.27, 3.39, 3.52, 4.7, 6.85, 8.94, 10.7
1.68, 1.65, 2.11, 2.47, 1.84, 2.72, 3.59, 3.39, 3.77, 2.85
-2.12, -2.11, -2.61, -2.02, -1.9, -1.91, -1.91, -1.09, -1.1, -1.7
1.52, 2.28, 3.57, 3.97, 4.36, 5.99, 9.57, 12.65, 15.27, 20.72
0.76, 0.77, 2.11, 0.54, 1.67, 1.45, 2.08, 1.95, 1.79, 2.63
-1.24, -2.06, -4.01, -8.66, -16.21, -21.2, -29.63, -40.04, -52.71, -63.62
0.0, 1.06, 0.09, -2.38, 0.08, 0.17, -1.74, -1.54, -2.06, -2.09
2.28, 3.12, 3.37, 5.01, 6.46, 9.07, 12.95, 17.58, 24.87, 34.4
1.56, 1.51, 1.07, 1.7, 0.1, 1.79, 3.0, 3.78, 5.33, 3.64
-1.99, -3.5, -1.62, -2.44, -0.89, 0.23, -1.32, -0.92, -0.98, -0.64
0.9, 0.98, 1.01, 1.04, 1.07, 1.11, 1.16, 1.2, 1.26, 1.32
1.6, 0.65, 1.16, 1.64, 1.68, 1.62, 2.15, 2.26, 2.34, 3.25
0.0, 0.47, -1.47, 1.08, -1.9, 1.08, 0.54, 0.36, -0.84, -0.78
-1.02, 0.14, -1.66, 0.64, -1.57, -0.48, -0.93, -0.82, 0.34, -1.24
0.54, 1.83, 1.48, 3.28, 4.14, 5.11, 6.74, 11.6, 15.14, 21.06
0.05, 0.19, 0.15, 0.25, 0.6, 1.27, 2.08, 3.47, 4.79, 6.26
4.86, 4.94, 5.14, 5.12, 5.15, 5.25, 5.58, 5.35, 5.67, 5.63
0.43, 1.41, 2.09, 0.72, 0.38, 3.35, 2.13, 3.3, 4.25, 4.16
-0.3, 0.65, 0.02, -0.83, 1.02, 2.49, 1.88, 2.88, 2.79, 1.36
-0.15, 0.13, 0.14, -0.1, 0.3, 0.85, 1.51, 2.44, 3.11, 2.97
0.66, -1.36, -7.59, -29.99, -84.22, -199.77, -403.33, -736.82, -1247.26, -1987.9
-4.82, -3.52, -2.15, -0.81, 0.58, 1.89, 3.26, 4.64, 5.97, 7.33
-0.27, 0.44, 0.36, 0.37, 1.22, 1.86, 3.17, 4.56, 5.93, 6.52
0.53, 0.64, 0.36, 0.47, 0.6, 0.93, 0.67, 0.54, 1.0, 0.76
1.59, -3.27, 0.46, 0.65, -4.04, 0.78, 0.28, -3.37, 1.26, -0.63
1.49, 1.52, 2.34, 4.53, 4.82, 9.35, 10.39, 15.67, 21.99, 28.59
-0.61, -0.89, 0.15, -2.79, -2.52, -3.55, -5.03, -6.92, -5.79, -6.63
0.89, 2.33, 1.83, 4.34, 5.06, 7.52, 10.02, 13.62, 19.99, 29.28
0.0, -0.87, -0.9, -1.18, -1.64, -2.11, 0.16, 0.27, 0.79, 0.7
-0.9, 0.14, -0.66, 1.14, 2.27, 3.9, 5.82, 9.64, 15.11, 23.75
0.0, 1.14, -1.6, -0.07, -0.56, -0.34, -0.86, 0.47, 0.04, -0.18
0.66, 1.1, 2.65, 3.33, 3.4, 5.17, 5.71, 6.32, 6.69, 5.98
-0.39, 0.32, -2.09, -7.06, -6.25, -4.5, -9.39, -13.11, -11.15, -11.47
2.39, 1.71, 2.68, 2.84, 3.49, 3.9, 4.09, 3.43, 4.68, 5.19
1.18, 1.65, 2.43, 4.08, 5.62, 8.0, 12.27, 19.04, 28.78, 43.17
-0.78, -0.39, -0.82, 0.75, 1.08, 2.35, 2.23, 2.07, 3.52, 4.6
1.23, 1.77, 2.85, 3.61, 4.41, 5.48, 6.78, 7.71, 8.79, 10.12
0.03, -1.37, -4.5, -12.34, -31.01, -59.57, -107.71, -171.61, -254.75, -363.64
-5.0, -0.8, 0.23, -3.94, -1.77, 1.58, -3.21, -3.5, 2.04, -2.33
1.01, 1.43, 1.82, 2.49, 3.44, 4.42, 6.02, 8.17, 11.03, 14.92
0.86, 2.11, 2.25, 1.59, 1.75, 1.89, 1.88, 2.25, 2.59, 2.47
1.26, 0.91, 1.44, 0.8, -0.5, 2.47, 5.1, 5.68, 3.86, 7.5
-2.02, 0.56, 0.06, 0.09, 0.41, -0.21, 1.16, 0.93, 3.15, 2.93
4.4, 5.72, 7.09, 9.47, 11.27, 12.27, 14.66, 16.29, 17.48, 19.02
0.23, 0.24, 0.14, -0.7, -0.37, -0.74, -0.76, -1.49, -0.68, -1.2
1.21, 1.84, 2.74, 3.75, 5.01, 6.26, 7.2, 7.87, 8.49, 8.82
-3.24, -3.25, 2.33, 3.08, -2.78, -3.67, 0.48, 2.61, -0.41, -4.42
-0.03, 3.09, 1.66, -1.54, 2.97, 6.15, 4.43, 3.32, 5.5, 9.52
0.27, 0.2, 3.53, 0.97, -0.29, 3.58, 1.67, -0.8, 3.08, 2.73
1.38, -0.05, 1.79, 1.22, 2.67, 6.63, 5.48, 6.54, 6.17, 6.35
-0.14, 0.48, 1.19, 2.19, 4.06, 5.46, 7.57, 7.41, 7.74, 8.0
-2.38, -3.35, -4.63, -6.33, -7.24, -8.03, -9.91, -10.21, -12.86, -13.57
-0.8, -2.01, -0.39, -0.43, 1.31, 0.75, 1.26, 3.28, 5.69, 2.77
2.73, -1.77, -5.16, -1.97, 2.87, 5.28, 1.68, -3.58, -3.87, -0.99
1.77, 1.11, 2.58, 1.8, 2.53, 2.43, 3.61, 3.43, 4.48, 3.6
0.1, 0.62, 0.71, -0.61, -2.37, -2.67, -1.91, -0.35, -0.33, -1.86
-4.61, -2.74, -0.82, 1.26, 3.14, 5.21, 6.98, 9.14, 11.08, 12.68
0.4, -0.72, 0.24, -4.56, -7.55, -8.99, -8.88, -9.5, -10.53, -12.56
4.14, 4.39, 3.63, 5.23, 7.77, 7.91, 8.4, 10.31, 10.23, 10.19
0.62, -2.45, -17.39, -76.82, -235.06, -566.89, -1171.89, -2169.01, -3700.83, -5929.08
-1.19, 1.42, 0.95, 1.06, 1.79, 1.4, 2.08, 3.61, 3.82, 4.8
1.54, -2.49, -2.37, 1.11, -0.15, -3.09, -0.25, 1.3, -1.47, -1.83
0.35, 0.51, 0.69, 0.9, 1.13, 1.51, 1.67, 2.0, 2.19, 2.32
3.76, 2.39, 1.12, -0.22, -1.56, -2.8, -4.1, -5.49, -6.9, -8.06
2.15, 3.23, 1.44, 1.24, 2.45, 3.98, 4.19, 5.07, 7.41, 9.82
0.0, 0.68, 0.73, -0.92, -0.59, 0.77, 0.11, -1.57, 0.5, 0.36
1.16, 1.29, 1.4, 1.67, 1.69, 2.18, 2.61, 2.86, 2.98, 2.83
0.0, -0.09, 1.56, -0.25, -0.51, -0.04, -0.47, -1.1, -0.29, 1.29
0.12, 2.88, 4.39, 3.4, 3.59, 3.9, 5.22, 7.51, 9.28, 11.6
2.72, 4.39, 4.63, 6.51, 9.97, 10.48, 12.46, 13.98, 15.97, 15.91
0.78, 2.32, 4.14, 3.03, 1.1, -1.65, -0.34, 1.74, 2.76, 4.32
-0.02, 1.05, 0.91, -0.69, -2.76, -4.46, -4.54, -3.61, -2.53, -2.51
0.43, 1.23, 7.6, 25.3, 59.21, 113.74, 194.36, 305.79, 452.83, 641.11
0.12, 1.65, 1.96, 2.73, 4.2, 6.28, 7.32, 11.19, 15.98, 22.87
0.43, 0.78, 1.59, 1.85, 4.45, 4.8, 5.65, 7.5, 7.93, 6.81
0.53, -0.11, 1.31, 0.25, 1.63, 0.81, 2.03, 2.74, 2.46, 1.42
0.8, -0.74, 0.59, -0.09, -0.48, -0.6, -0.47, -1.15, -2.12, -1.52
0.0, -0.5, 1.47, -0.5, 0.21, 0.19, 0.75, -2.04, 2.12, -0.74
0.0, -1.11, 0.46, -0.15, 2.18, 2.17, 2.1, -0.22, -1.72, -2.27
0.21, 0.49, 2.69, 2.48, 2.97, 4.74, 7.25, 9.01, 10.87, 15.27
0.32, 0.13, -0.68, -0.62, -1.27, -2.08, -2.88, -2.96, -3.57, -2.37
-0.52, -1.28, -1.2, -2.32, -2.26, -2.7, -3.22, -2.43, -1.67, -2.3
0.63, 0.79, 16.81, 88.28, 277.45, 669.8, 1374.31, 2524.14, 4273.88, 6803.62
0.01, 0.08, 2.01, 3.87, 6.41, 8.61, 11.99, 17.34, 22.06, 27.62
-0.13, 0.23, 1.13, 0.8, 1.2, 1.26, 3.62, 3.05, 1.42, 3.09
0.25, 1.19, -1.56, -1.17, -1.95, -4.05, -4.93, -4.49, -3.46, -6.21
0.66, 0.76, 0.18, -0.53, 0.62, 0.28, 0.54, 1.43, 1.15, 0.57
1.67, 1.68, 1.68, 2.61, 2.35, 2.02, 2.06, 3.13, 2.11, 3.91
0.88, -0.93, -2.74, -4.57, -6.38, -8.19, -10.01, -11.83, -13.65, -15.47
-3.56, 5.04, -2.16, 2.71, 2.48, -0.81, 6.07, -2.62, 6.58, -1.0
1.07, 1.19, 1.83, 1.67, 3.79, 5.61, 6.09, 8.9, 6.34, 7.6
2.23, 2.62, 1.83, 0.19, -1.29, -2.44, -2.78, -2.42, -0.85, 0.82
0.0, -1.42, -1.77, -1.55, -1.05, 1.03, -1.36, -1.07, -0.97, -2.03
0.63, -0.12, -0.43, 0.98, -1.81, 1.83, -2.55, 3.1, -3.49, 3.74
-2.22, 2.04, 0.48, -2.35, -0.71, 0.8, 0.21, -0.35, -2.05, 0.17
0.0, -0.88, -0.21, -0.99, 0.46, 0.65, 1.34, 1.82, 1.29, 1.02
0.0, 0.57, -2.42, 1.65, -0.26, 0.82, -0.63, -0.35, -0.32, -1.59
0.62, 1.0, 3.47, 5.4, 6.73, 7.47, 11.04, 10.81, 14.43, 16.1
-0.55, 1.82, 2.09, 1.69, 0.46, 0.35, -0.51, 1.76, 2.92, 4.64
0.0, -0.38, 2.24, 0.76, 1.58, -1.15, -1.12, 1.46, -1.52, 0.38
0.27, 0.21, 0.55, 0.65, 0.2, 2.12, 1.61, 0.34, 0.68, -0.7
0.0, -0.07, 0.58, -1.14, -0.48, -0.95, 0.02, 0.4, -1.38, 2.28
-0.23, -3.19, -10.08, -22.66, -45.79, -81.79, -132.34, -198.83, -287.15, -395.58
-0.41, 1.19, -0.0, 0.87, 4.38, 10.52, 20.38, 39.52, 64.06, 96.15
-0.81, -1.05, -1.2, -1.24, -0.92, -0.55, -0.06, 0.72, 1.65, 2.71
0.0, -0.86, -1.23, -0.21, -0.08, -0.8, -0.78, -0.42, -1.41, -0.47
1.13, 2.72, 3.87, 3.28, 3.45, 2.9, 1.91, 3.75, 4.71, 4.49
0.72, 1.86, 0.78, 0.86, 1.27, -1.35, -1.05, 0.73, -0.41, -1.91
0.32, 2.13, -4.12, 2.55, -0.48, -2.77, 3.5, -2.98, -0.32, 2.37
0.36, 1.42, 2.68, 3.86, 7.92, 7.65, 12.65, 19.35, 27.63, 40.21
0.0, 0.22, -0.8, -0.37, 0.47, -0.42, 0.42, -0.36, 0.99, -1.0
0.36, -1.19, -3.2, -3.75, -5.84, -9.51, -8.87, -11.5, -12.51, -14.82
0.84, -1.77, -1.26, -2.29, -4.94, -6.42, -8.06, -7.88, -8.38, -9.97
0.0, -2.27, -0.94, -1.54, 0.44, -2.15, -0.41, -0.77, 1.09, -0.22
1.35, 0.46, -0.84, -0.09, -0.29, 0.35, 0.94, 2.6, 4.63, 6.25
-0.04, 1.75, 0.16, 1.75, 3.77, 1.69, 3.51, 5.67, 2.84, 4.73
0.0, 0.16, 0.0, -0.94, 0.79, -0.09, 1.47, 0.85, 2.36, 1.13
0.0, 1.01, 0.98, 1.02, 0.49, 1.25, 0.89, 0.96, 1.68, 0.74
-5.16, 1.4, 1.58, -5.2, 3.29, -1.34, -3.67, 3.9, -3.57, -1.25
-0.36, -1.25, -17.39, -74.8, -218.04, -503.6, -1005.47, -1813.06, -3029.6, -4775.59
-1.64, -0.3, 0.2, 1.31, 0.88, 1.63, 1.68, 3.75, 3.03, 4.3
-0.43, 1.95, 4.89, 4.15, 3.34, 2.28, 1.36, 3.86, 6.1, 8.6
0.76, -0.13, 1.73, 1.7, 1.89, 0.29, 1.09, 1.34, 1.12, 1.43
0.42, 2.22, 6.27, 22.67, 53.98, 107.94, 188.71, 302.08, 453.89, 650.01
0.27, 0.81, 0.79, 1.08, 3.66, 6.24, 9.61, 13.59, 17.17, 23.01
0.42, -0.58, -0.83, -0.83, -1.42, -1.76, -1.32, -2.4, -1.34, -1.68
0.99, 0.17, 0.81, 2.2, 2.78, 1.82, 0.56, 0.14, 1.58, 2.68
-3.61, 2.3, 1.36, -3.55, -3.02, 2.05, 1.53, -4.31, -4.4, 1.68
1.85, 0.94, 0.35, 2.43, -1.05, 3.57, -1.71, 3.83, -1.67, 3.31
0.55, 1.06, 0.79, -3.17, -2.44, -5.2, -5.95, -10.71, -11.41, -15.63
1.32, 1.32, 1.55, 2.05, 2.3, 1.62, 2.12, 1.67, 3.13, 2.29
1.96, 1.31, 0.31, 2.35, 3.13, 3.37, 3.77, 3.09, 4.18, 3.63
0.0, 0.62, -1.12, -0.65, 0.42, 0.66, 1.57, 0.4, 0.68, 0.31
0.77, 3.04, 6.9, 11.73, 17.86, 28.03, 37.19, 49.67, 62.51, 80.76
-0.27, 1.11, 2.09, 7.63, 13.39, 20.14, 30.28, 40.2, 51.59, 65.49
-0.91, -0.56, 2.84, 4.06, 11.76, 24.89, 44.68, 70.68, 108.18, 156.1
-1.42, -0.06, 1.3, 2.64, 4.01, 5.36, 6.71, 8.05, 9.4, 10.74
0.0, 0.91, 2.76, 2.03, -1.84, 0.22, -0.83, -0.83, -0.01, 1.93
-1.31, -0.33, -1.11, -3.88, -9.73, -19.63, -36.29, -58.28, -88.4, -129.0
-2.71, -4.53, -5.02, -6.96, -8.47, -8.52, -10.21, -12.09, -13.22, -15.02
0.77, -0.37, -2.13, -3.2, -3.09, -4.62, -4.28, -3.52, -3.98, -3.97
-0.74, -0.57, -4.07, -8.32, -11.32, -18.91, -27.74, -38.38, -50.55, -64.45
1.53, 1.85, 2.25, 0.89, 2.75, 1.11, 1.81, 2.4, 2.96, 1.59
-3.48, -2.99, 0.58, 2.4, 3.87, 5.02, 7.63, 7.9, 10.16, 12.51
0.48, 1.9, 3.1, 3.69, 6.37, 6.43, 8.42, 9.44, 11.64, 12.21
0.69, 0.94, -0.17, 1.29, 0.71, 1.35, 0.54, 0.65, 0.47, 1.43
2.4, 2.15, 1.66, 1.18, 1.74, 2.38, 1.92, 1.56, 4.54, 3.4
-5.18, 0.11, 2.56, 1.23, -0.96, -3.01, -4.57, -1.44, 1.06, 2.37
0.02, -0.24, -0.67, -1.31, -2.2, -3.2, -4.06, -4.74, -5.15, -5.32
0.99, 1.64, 0.87, 0.86, 1.83, 2.16, 1.89, 2.73, 1.93, 2.92
1.52, 1.61, 2.01, 1.98, 2.42, 2.82, 2.87, 3.25, 3.68, 3.6
0.27, 0.31, 1.22, 0.44, 0.96, 1.74, 1.8, 3.53, 2.33, 3.07
1.96, 2.34, 0.45, 0.66, -0.03, 1.81, 2.9, 2.89, 1.3, 1.13
-2.84, -0.33, -0.17, -0.99, -2.55, -1.52, -0.75, -1.73, -2.42, -1.23
1.38, -0.6, -0.71, 0.79, 1.01, 0.06, 1.25, -0.18, 1.18, 3.27
3.29, 2.25, 1.55, 0.66, -0.26, -1.87, -2.57, -4.2, -5.09, -5.31
-2.57, -4.44, -6.2, -7.68, -9.64, -11.58, -13.54, -15.25, -17.52, -19.55
0.31, -0.47, -1.69, -1.07, 0.11, 2.86, 2.35, 2.16, 1.55, 0.34
1.8, 1.27, 3.04, 2.81, 3.44, 7.95, 7.22, 8.93, 9.71, 14.21
0.0, 0.64, -0.07, 0.93, 0.22, 0.63, 2.44, 0.78, -0.5, 0.54
4.57, 1.82, -0.38, -3.88, -3.57, -2.24, 0.96, 5.42, 4.9, 7.31
-1.17, 0.34, 1.38, 0.55, 2.28, 3.35, 3.53, 2.59, 2.43, 3.72
0.47, 3.41, 5.68, 4.78, 4.27, 4.99, 8.81, 12.98, 14.14, 13.95
-0.2, -1.63, -1.18, -5.97, -7.43, -10.52, -9.79, -9.1, -11.25, -11.97
0.0, -0.64, -1.16, -0.11, -0.09, -0.99, 0.37, 0.11, -0.08, -0.58
-0.55, -0.47, 2.43, 12.92, 35.88, 75.84, 137.64, 226.16, 345.98, 502.04
0.0, -0.45, -0.57, 0.71, -0.15, 0.36, -0.23, -0.46, 0.33, -0.22
0.0, 0.12, 1.47, 0.72, -1.26, 1.56, -0.16, -0.03, -0.63, 0.83
1.59, 2.91, 3.33, 4.32, 5.09, 7.37, 9.8, 14.28, 19.0, 24.87
-0.23, -0.77, -9.67, -41.58, -118.29, -268.57, -528.56, -941.49, -1557.57, -2434.35
-0.12, -0.59, -1.69, -0.51, 1.83, 1.6, 1.65, 2.67, 3.49, 3.3
0.23, 1.68, 1.82, 5.82, 8.12, 8.55, 11.05, 21.77, 31.9, 47.12
-1.64, 0.84, -0.11, -1.02, 1.36, -1.24, 0.02, 0.65, -1.5, 1.09
0.03, 3.91, 4.96, 3.78, 4.45, 5.02, 9.76, 12.75, 13.95, 14.3
-0.12, 5.08, -2.68, -3.96, 4.43, 2.15, -5.71, -0.55, 4.22, -2.42
2.06, 0.79, -0.92, -0.33, 1.73, 2.41, 1.6, -0.18, -0.88, -0.08
1.61, 0.32, -0.13, 1.11, -0.43, -0.39, 0.11, 2.44, -1.67, -0.02
0.0, 0.05, -0.86, -1.17, -0.75, -1.3, -1.74, 0.07, -0.02, -0.27
0.56, 0.33, 0.17, 0.68, 1.01, 1.32, 1.91, 2.04, 2.71, 2.94
-2.15, -3.07, -4.05, -5.17, -6.09, -7.07, -8.17, -9.07, -10.19, -11.02
0.71, 1.63, 1.94, 3.13, 4.6, 4.41, 5.09, 5.69, 7.84, 7.09
4.3, -2.3, -0.97, 5.73, -0.1, -3.27, 5.49, 1.69, -3.85, 3.19
1.15, 0.76, 3.6, 6.13, 13.07, 19.88, 29.61, 38.62, 51.03, 61.78
0.99, 1.74, 2.99, 3.67, 4.5, 4.46, 7.2, 6.91, 8.14, 8.34
0.0, -0.74, -0.49, 0.77, 0.59, -0.28, -1.7, -1.23, -0.61, -2.04
-0.83, -1.02, -1.62, -3.15, -2.62, -4.82, -5.29, -4.92, -5.55, -7.31
-0.96, 1.41, -0.6, -1.49, -0.43, 0.46, 0.83, 0.44, 0.41, 0.12
-0.13, -0.47, 1.21, 1.84, 2.88, 2.7, 3.91, 4.95, 5.3, 5.17
0.59, -1.84, -5.36, -10.35, -18.52, -27.99, -39.16, -51.16, -66.89, -83.46
2.34, 3.06, 2.59, 2.18, 3.62, 2.91, 2.86, 2.29, 2.05, 1.32
0.49, -0.66, 0.66, -0.71, 0.81, -1.22, 1.19, -1.35, 1.18, -1.38
3.95, 2.6, 2.37, 2.97, 1.63, -0.22, 1.41, 1.33, -1.78, 0.17
0.08, 0.06, 0.14, 0.19, 0.36, 0.4, 0.53, 0.74, 0.77, 0.92
-5.03, -5.01, -4.73, -2.25, -5.12, -5.89, -3.66, -4.27, -3.76, -4.68
3.5, -4.47, 0.24, 1.35, -4.68, 3.97, -3.06, -0.74, 2.4, -5.39
-3.99, -4.71, -5.44, -6.14, -6.76, -7.46, -8.2, -8.78, -9.55, -10.32
-0.26, 3.13, 5.61, 6.29, 6.81, 7.55, 9.93, 12.74, 16.03, 18.19
0.0, 0.5, 0.52, -0.04, 0.63, -0.28, 0.72, -1.62, -0.18, -0.31
0.0, 1.26, 0.48, -1.51, -1.08, 0.29, 0.6, 1.41, 0.99, 0.52
-2.16, -4.73, -4.16, -4.0, -2.29, -2.51, -0.88, -2.03, -3.25, -0.94
-0.25, -0.82, -2.84, -4.05, -6.63, -7.23, -10.32, -11.21, -12.18, -12.38
-0.08, -5.62, -1.63, 2.28, -3.28, -4.94, 1.29, 0.41, -5.45, -2.22
-1.58, -3.55, -2.75, -1.58, -1.74, -1.08, -0.81, 0.24, 1.65, 1.77
0.0, -0.53, 0.01, 0.58, -0.96, 1.42, -0.51, -0.69, -0.84, -0.26
0.8, 0.97, 2.3, 3.78, 5.68, 8.6, 12.15, 19.0, 27.45, 40.59
1.95, 1.9, 0.44, 1.48, 0.93, 1.97, 2.9, 1.91, 1.49, 0.99
0.16, 0.92, -0.88, -5.03, -6.67, -5.53, -3.68, -6.43, -9.37, -11.57
-0.17, -0.66, 0.82, 0.51, 1.08, 1.83, 2.45, 3.3, 2.91, 3.75
-0.0, -1.59, -2.08, -1.52, -3.66, -2.46, -1.73, -1.82, -2.5, -1.79
0.19, 1.35, 2.67, 4.56, 6.58, 8.67, 11.89, 15.34, 19.03, 23.29
0.0, -0.61, -0.46, 1.47, 0.1, 1.04, -0.35, -1.5, 0.19, 2.14
0.0, 0.99, -2.11, -0.71, 0.11, -0.4, -0.01, 0.65, 1.39, -0.42
-0.58, -0.75, -2.49, -4.19, -7.44, -9.77, -11.36, -12.23, -12.58, -14.93
0.22, 0.58, 0.77, 1.69, 0.66, 0.22, 0.55, 2.85, 3.58, 4.28
-0.03, 0.18, -4.37, -17.95, -59.21, -150.96, -330.5, -639.69, -1133.27, -1870.64
0.1, 1.5, 3.28, 5.91, 7.36, 10.21, 11.51, 13.1, 15.28, 16.56
1.75, 1.97, 2.8, 2.79, 3.8, 4.06, 4.78, 5.89, 6.56, 7.66
0.9, 2.08, 2.68, 3.3, 4.4, 5.11, 5.87, 7.06, 7.58, 9.16
-0.22, 0.83, 0.92, 0.62, -0.17, -0.87, -1.03, -0.22, 0.87, 1.49
5.41, -2.71, -1.38, 4.95, -1.27, -2.82, 5.48, 0.58, -2.97, 3.83
1.54, 2.04, 0.83, 0.97, 0.19, 0.04, 0.61, 1.29, 1.51, 1.69
1.05, -0.71, 0.27, -0.84, 0.54, -0.56, -0.41, -0.55, -0.42, 0.1
-0.68, -0.62, -3.59, -8.27, -16.54, -30.93, -51.05, -77.65, -113.21, -158.02
2.25, 2.03, -3.61, -3.05, 3.02, 1.08, -4.26, -1.62, 3.09, 0.37
0.75, 1.9, 2.17, 1.61, 0.39, 2.44, 2.95, 2.75, 0.62, 0.45
1.04, 1.19, -0.81, -9.63, -29.15, -63.72, -115.7, -190.98, -291.74, -423.73
0.0, -0.51, -0.04, 0.26, 1.02, 2.48, 2.52, -0.69, 0.51, 0.93
-0.25, -0.0, 0.66, 1.15, 1.43, 1.53, 2.66, 2.24, 2.12, 2.58
0.07, 3.43, 5.15, 6.32, 5.76, 4.91, 5.76, 8.08, 10.89, 14.33
-0.17, -0.11, -8.92, -37.99, -110.81, -263.44, -536.45, -983.44, -1669.74, -2666.85
-6.09, 0.5, 2.85, -3.41, -6.18, -0.26, 3.12, -2.02, -6.88, -0.74
-0.23, 1.05, -0.01, -4.0, -6.21, -2.76, -3.41, -2.77, -6.2, -8.68
1.18, -0.88, -0.1, 1.23, -0.47, 0.27, -0.94, -0.1, 0.3, -3.49
0.0, -0.38, -2.43, -2.43, -3.04, -3.36, -1.86, -0.78, -1.08, -0.14
-5.44, 4.32, -2.41, -0.38, 2.6, -4.67, 4.13, -3.48, 0.7, 1.59
0.95, 0.46, 0.27, 0.34, 0.63, 0.9, 1.57, 1.61, 0.83, 0.95
-2.27, -3.14, -3.54, -3.5, -5.01, -6.06, -5.62, -6.21, -6.45, -7.78
1.48, 3.83, 2.65, 2.11, -0.15, 2.77, 2.16, 4.75, 2.84, 3.03
0.0, 0.28, 0.61, -0.2, -0.17, -0.06, -0.97, -3.28, -2.62, -2.46
-1.0, 0.26, 2.99, -1.96, 6.02, -1.73, 1.95, 2.73, 0.1, 3.55
-0.13, -1.14, -5.51, -11.27, -17.5, -26.41, -38.37, -51.02, -66.34, -83.22
0.39, 2.98, 4.45, 0.52, 4.61, 5.5, 8.83, 9.57, 11.0, 10.26
-0.79, 0.93, 0.66, 0.08, 0.46, 2.16, 1.69, 2.78, 3.03, 4.25
-2.81, -4.23, -6.77, -5.89, -6.53, -6.06, -7.97, -8.51, -8.37, -9.49
1.09, 1.69, 2.09, 2.59, 3.53, 4.7, 6.08, 7.93, 10.46, 13.44
0.39, -0.29, -3.0, -7.95, -12.18, -17.49, -23.98, -32.11, -41.81, -51.47
0.08, 0.46, 8.42, 54.91, 185.42, 463.58, 975.54, 1823.83, 3128.51, 5030.1
-1.17, -3.24, -20.31, -77.95, -223.17, -518.8, -1043.05, -1895.58, -3188.96, -5056.07
0.8, -0.21, -3.31, -7.81, -14.33, -22.82, -32.71, -44.46, -57.92, -72.69
-2.67, -1.2, 2.87, 5.14, 2.32, -2.07, -2.32, 1.12, 4.62, 4.23
2.26, 1.92, 2.62, 3.93, 5.21, 7.29, 8.86, 11.24, 13.59, 18.14
0.55, 0.68, 0.74, 0.95, 1.06, 1.29, 1.44, 1.6, 1.85, 1.9
0.0, 1.14, -1.2, -1.54, -0.81, -0.82, -1.34, -0.05, 0.12, 0.79
-0.8, 0.08, 3.23, 2.55, -0.47, -0.05, 3.02, 2.77, -0.4, -0.39
1.64, 0.04, 0.22, -0.39, 2.25, -0.65, 1.8, 0.52, 0.14, 2.4
-0.08, 1.58, 3.28, 1.87, 3.97, 4.46, 5.04, 5.15, 5.17, 5.76
-0.81, -1.6, -8.16, -30.64, -90.01, -214.61, -444.03, -823.04, -1410.09, -2267.2
0.11, -1.58, -1.63, 0.08, -1.03, 1.64, 2.1, 4.54, 8.1, 10.19
0.32, 1.91, 1.25, -0.33, -0.11, 0.16, -1.82, -2.14, -0.65, -0.62
-0.47, 0.77, -6.52, -6.24, -5.99, -10.65, -11.96, -10.88, -16.59, -17.36
3.29, 1.99, 3.87, 3.77, 4.45, 6.27, 5.46, 7.98, 8.55, 9.75
1.6, 2.25, 2.63, 2.86, 3.6, 1.38, 2.34, 1.62, 2.8, 2.48
0.39, -0.42, -0.88, -1.54, -2.85, -3.44, -3.91, -2.81, -3.13, -2.02
-0.61, 3.33, 5.03, 7.97, 7.89, 7.82, 8.7, 10.75, 11.21, 14.08
2.64, 1.84, 1.87, 1.16, 1.0, 0.28, -0.52, 1.19, 2.9, 3.45
-1.19, 2.75, 1.39, 0.4, 2.92, 5.19, 3.58, 2.18, 4.72, 8.12
-0.46, 2.13, -3.53, -2.22, -1.12, -5.52, -5.15, -2.98, -7.12, -6.15
-1.97, 1.92, 24.86, 106.49, 306.35, 706.6, 1413.57, 2555.36, 4282.09, 6764.79
0.85, 0.6, -0.34, 1.04, 2.73, 2.59, 2.4, 3.98, 4.9, 5.99
0.74, 1.87, 3.37, 3.91, 5.57, 6.11, 7.42, 7.73, 8.95, 10.2
1.83, -1.67, 6.38, -0.79, 0.19, 5.83, -2.81, 2.51, 3.85, -2.97
-0.07, -1.42, -1.28, -1.53, 0.88, 8.52, 17.95, 36.58, 60.9, 92.4
3.72, 3.07, 0.99, 1.73, -0.32, -0.19, -2.4, -3.13, -5.01, -6.38
-3.21, -2.06, -0.85, -0.18, 1.09, 2.59, 3.02, 4.07, 5.37, 6.03
-1.58, -3.54, -2.46, 0.38, 1.16, -1.04, -3.6, -2.86, 0.35, 1.03
0.03, 0.31, 0.69, 1.13, 1.55, 2.18, 2.94, 3.46, 4.02, 4.18
-2.84, -1.93, -1.72, -2.33, 0.68, -0.74, -3.35, -0.13, -2.36, -2.82
-0.12, -0.89, 0.9, 1.51, 4.19, 3.46, 4.13, 5.39, 5.86, 8.47
-1.73, -0.95, -0.48, -3.02, -2.18, -3.05, -2.19, -2.36, -2.91, -3.33
0.0, -0.89, -0.35, 1.13, 1.47, -0.33, -0.88, -0.62, -0.41, 0.27
1.88, 1.76, 0.73, 3.7, 3.36, 5.38, 5.37, 6.59, 9.3, 13.64
-0.5, -0.94, -2.22, -3.24, -3.88, -4.93, -5.61, -6.76, -7.62, -8.44
3.47, 0.95, 1.1, 3.35, -0.6, 1.46, 1.46, -0.36, 2.52, 1.36
1.19, 1.76, 2.69, 4.02, 5.74, 8.53, 12.42, 18.41, 27.05, 39.94
0.0, -1.13, 1.11, 0.24, -0.85, 0.83, -0.53, 0.48, -0.54, 0.44
1.03, 1.77, 3.32, 6.32, 8.6, 9.23, 10.27, 12.15, 13.32, 13.73
0.11, 2.29, 13.8, 44.07, 111.77, 234.88, 438.12, 751.05, 1208.53, 1844.42
0.78, 1.15, 2.24, 3.04, 5.86, 10.02, 11.6, 18.81, 23.65, 34.19
-0.91, -1.16, -2.28, -4.2, -7.05, -10.36, -14.06, -18.5, -24.53, -30.97
-0.03, 0.94, 0.03, -1.32, -3.63, -3.86, -2.68, -2.08, -2.73, -4.72
-0.01, 1.7, -0.27, -2.16, -0.49, 1.19, -0.73, -2.68, -0.98, 0.71
1.77, 1.6, 2.25, 2.79, 5.78, 6.16, 7.13, 10.34, 17.45, 20.68
0.2, -0.56, -2.36, -3.28, -4.91, -4.84, -3.71, -2.2, -1.84, 0.18
0.23, -0.44, -1.17, -2.66, -4.38, -5.79, -7.5, -9.88, -12.91, -15.37
0.01, 1.35, 1.53, 2.34, 2.13, 2.36, 2.74, 2.98, 3.08, 3.5
1.63, 2.3, 3.21, 4.47, 6.28, 8.75, 12.22, 17.06, 23.87, 33.33
0.0, 0.24, 0.77, -0.05, 0.39, 0.94, 0.05, 1.29, -2.79, 1.7
0.0, 0.03, -0.08, 0.62, -1.34, 0.94, -0.0, 0.43, 0.87, -2.0
0.93, -0.23, -10.04, -52.18, -164.81, -401.46, -829.62, -1532.4, -2607.25, -4166.64
-1.99, -2.87, -3.28, -3.03, -4.0, -4.72, -4.69, -5.98, -5.91, -5.48
0.47, 0.9, 1.47, 2.61, 3.34, 2.6, 5.71, 6.31, 6.1, 5.72
-0.67, 0.0, 0.66, 0.18, -0.08, -1.75, -0.01, 0.1, 0.78, 2.49
-1.07, -2.72, -2.31, -1.33, -1.55, -3.23, -1.89, -2.46, -2.11, -2.73
1.21, -3.82, -2.34, -0.28, -0.66, -0.48, -0.12, -0.61, -2.3, -0.72
1.41, -0.11, -0.92, 1.2, -1.95, -0.95, 0.44, -1.19, 0.21, 0.13
-0.12, 1.01, 1.51, 2.04, 2.69, 3.68, 4.98, 5.36, 6.0, 7.11
2.05, 3.23, 5.18, 5.67, 6.73, 8.25, 9.65, 11.05, 12.61, 13.78
-0.14, 0.41, 1.99, 1.8, 2.39, 3.11, 2.92, 2.4, 3.26, 2.61
1.0, 1.47, 2.01, 2.69, 2.43, 2.35, 3.0, 4.77, 5.75, 6.24
-0.31, -1.18, -2.33, -2.25, -3.72, -3.29, -2.79, -3.2, -4.15, -4.07
1.73, 0.95, 1.89, 3.06, 1.47, -0.74, 2.74, 3.51, 0.11, 1.94
0.33, 0.04, 0.68, 1.05, 0.79, 1.62, 1.21, 0.34, 1.29, 2.51
0.0, -1.26, 1.55, -1.69, 1.05, -0.27, -0.11, -0.0, -0.67, -0.17
3.07, 2.89, 2.24, 2.98, -0.35, -0.46, -1.8, -0.54, -1.76, -2.93
1.26, 0.99, 2.24, 1.84, 2.28, 1.65, 4.63, 4.29, 4.46, 4.59
0.52, 0.57, 0.07, 0.68, 1.4, 1.92, 3.58, 3.45, 4.11, 6.1
1.41, 1.77, 2.37, 1.83, 2.75, 3.5, 3.75, 4.81, 6.63, 8.88
-1.62, 2.34, -3.84, 3.79, -4.39, 3.22, -2.86, 1.01, -0.05, -1.96
0.03, 2.67, 3.74, 0.55, 1.82, 3.66, 0.83, 1.7, 3.58, 0.55
1.43, 2.09, 3.36, 3.13, 5.33, 8.23, 12.18, 16.28, 23.27, 30.84
0.49, 3.67, 3.8, 3.95, 8.09, 11.93, 12.0, 11.98, 14.99, 19.32
0.05, 0.34, 0.44, 0.71, 1.25, 1.95, 3.04, 4.4, 5.8, 7.13
0.0, -0.6, -0.73, 1.03, 0.28, -0.16, -0.68, 0.31, 0.13, 1.51